date_time,department,city,license_plate,fuel_type,vehicle_group,unit_price_euros,prix_plein_euros,volume_liters,consumption_theoretical,km_theoretical,consumption_average,km_real,consumption_real
2025-11-20 15:07,64,USTARITZ,AE-496-LA,Gazole Premier,GAZOLE,1.829,51.68,28.26,6.0,471.0,6.40,441.6,7.51
2025-11-06 11:00,64,BIZANOS,AE-547-JJ,Gazole Premier,GAZOLE,1.784,66.41,37.23,6.0,620.5,6.78,549.1,6.92
2025-11-06 15:01,64,IGON,AE-597-LA,Gazole Premier,GAZOLE,1.784,60.05,33.66,6.0,561.0,6.54,514.7,6.58
2025-11-17 10:17,64,PAU,AE-642-JJ,Gazole Premier,GAZOLE,1.804,79.61,44.13,6.0,735.5,6.27,703.8,6.73
2025-11-04 13:15,64,ORTHEZ,BA-448-HL,Gazole Premier,GAZOLE,1.769,61.79,34.93,6.0,582.2,6.36,549.2,7.19
2025-11-14 14:14,64,IGON,BA-696-HL,Gazole Premier,GAZOLE,1.794,36.77,20.5,6.0,341.7,6.92,296.2,7.16
2025-11-24 12:44,64,IGON,BA-696-HL,Gazole Premier,GAZOLE,1.809,41.29,22.82,6.0,380.3,6.92,329.8,7.91
2025-11-17 11:47,64,SALIES DE BEARN,BA-731-WB,Gazole Premier,GAZOLE,1.804,70.19,38.91,6.0,648.5,7.27,535.2,8.23
2025-11-18 09:21,64,LARUNS,BB-479-GL,Gazole Premier,GAZOLE,1.814,83.89,46.25,6.0,770.8,7.71,599.9,8.80
2025-11-07 15:18,64,SUSMIOU,BB-646-GL,Gazole Premier,GAZOLE,1.794,73.04,40.71,6.0,678.5,6.43,633.1,7.58
2025-11-04 16:55,64,AURIAC,BC-820-MP,Gazole Excellium,GAZOLE,1.819,63.4,34.85,6.0,580.8,7.64,456.2,9.16
2025-11-28 13:34,64,ST JEAN LE VIEUX,BD-211-TS,Gazole Premier,GAZOLE,1.779,89.7,50.42,6.0,840.3,7.78,648.1,9.15
2025-11-26 11:40,64,IGON,BH-449-LR,Gazole Premier,GAZOLE,1.799,67.09,37.29,6.0,621.5,7.25,514.3,8.64
2025-11-14 13:02,64,MONTARDON,BJ-046-ZS,Gazole Premier,GAZOLE,1.794,64.94,36.2,6.0,603.3,6.24,580.1,6.46
2025-11-26 12:12,64,AURIAC,BJ-046-ZS,Gazole Premier,GAZOLE,1.799,53.9,29.96,6.0,499.3,6.24,480.1,5.94
2025-11-04 14:56,64,PAU,BJ-225-DD,Gazole Premier,GAZOLE,1.769,62.15,35.13,6.0,585.5,7.89,445.2,7.75
2025-11-14 16:49,64,OLORON STE MARIE,BN-368-RL,Gazole Premier,GAZOLE,1.794,63.71,35.51,6.0,591.8,6.97,509.5,7.35
2025-11-06 07:53,64,PAU,BV-816-DJ,Diesel B10,GAZOLE,1.784,88.97,49.87,6.0,831.2,7.15,697.5,8.39
2025-11-19 17:25,64,JURANCON,BV-816-DJ,Gazole Premier,GAZOLE,1.829,63.55,34.75,6.0,579.2,7.15,486.0,7.99
2025-11-19 07:12,64,ASSON,BV-998-MK,Gazole Premier,GAZOLE,1.829,74.24,40.59,6.0,676.5,6.55,619.7,7.72
2025-11-26 06:42,64,BIZANOS,BV-998-MK,Gazole Premier,GAZOLE,1.799,86.05,47.83,6.0,797.2,6.55,730.2,7.36
2025-11-26 10:33,64,MONTARDON,CA-086-KQ,Gazole Premier,GAZOLE,1.799,90.05,50.06,6.0,834.3,6.59,759.6,7.51
2025-11-07 17:25,64,BIDACHE,CD-012-MP,Gazole Excellium,GAZOLE,1.844,86.32,46.81,6.0,780.2,6.22,752.6,6.24
2025-11-20 18:29,64,BILLERE,CD-012-MP,Diesel B10,GAZOLE,1.829,85.52,46.76,6.0,779.3,6.22,751.8,6.51
2025-11-27 17:18,64,BIDACHE,CD-012-MP,Gazole Excellium,GAZOLE,1.829,78.76,43.06,6.0,717.7,6.22,692.3,6.84
2025-11-05 07:34,64,PARDIES,CD-029-MP,Gazole Excellium,GAZOLE,1.829,125.16,68.43,6.0,1140.5,7.13,959.7,6.90
2025-11-12 08:17,64,JURANCON,CD-029-MP,Gazole Excellium,GAZOLE,1.844,133.06,72.16,6.0,1202.7,7.13,1012.1,8.04
2025-11-25 07:24,64,PARDIES,CD-029-MP,Gazole Premier,GAZOLE,1.809,94.16,52.05,6.0,867.5,7.13,730.0,8.10
2025-11-28 13:37,64,PARDIES,CD-029-MP,Gazole Excellium,GAZOLE,1.829,117.25,64.11,6.0,1068.5,7.13,899.2,8.39
2025-11-27 13:17,64,ANGLET,CE-891-TR,Gazole Premier,GAZOLE,1.779,76.66,43.09,6.0,718.2,7.35,586.3,7.46
2025-11-03 16:41,64,PAU,CJ-304-CY,Diesel B10,GAZOLE,1.764,40.54,22.98,6.0,383.0,6.48,354.6,6.70
2025-11-04 16:17,64,IRUBE,CJ-304-CY,Gazole Excellium,GAZOLE,1.819,32.45,17.84,6.0,297.3,6.48,275.3,6.75
2025-11-14 08:20,64,BIARRITZ,CJ-304-CY,Gazole Premier,GAZOLE,1.794,58.75,32.75,6.0,545.8,6.48,505.4,6.62
2025-11-05 17:58,64,SALIES DE BEARN,CJ-719-CY,Gazole Premier,GAZOLE,1.779,60.35,33.92,6.0,565.3,7.53,450.5,7.86
2025-11-17 18:52,64,PAU,CJ-782-CY,Diesel B10,GAZOLE,1.804,32.74,18.15,6.0,302.5,7.49,242.3,8.22
2025-11-17 18:54,64,BILLERE,CL-158-ZX,Super 98 Sans PL,TOUS SUPER ET GPL,1.939,18.86,9.73,7.0,139.0,8.34,116.7,9.41
2025-11-26 16:12,64,PAU,CL-302-ZX,Sans Plomb 95 E10,TOUS SUPER ET GPL,1.81,27.44,15.16,7.0,216.6,8.79,172.5,10.20
2025-11-28 10:01,64,JURANCON,CL-534-ZX,Sans Plomb 95 E10,TOUS SUPER ET GPL,1.8,53.2,29.56,7.0,422.3,8.73,338.6,10.45
2025-11-05 15:16,64,IRUBE,CL-628-ZX,Sans Plomb 95 E10,TOUS SUPER ET GPL,1.795,49.94,27.82,7.0,397.4,8.61,323.1,9.75
2025-11-20 12:08,64,BILLERE,CL-628-ZX,Sans Plomb 95 E10,TOUS SUPER ET GPL,1.84,46.36,25.2,7.0,360.0,8.61,292.7,8.43
2025-11-06 11:54,64,JURANCON,CL-824-ZX,Sans Plomb 95 E10,TOUS SUPER ET GPL,1.795,49.64,27.65,7.0,395.0,8.38,330.0,8.06
2025-11-18 09:54,64,LACQ,CL-824-ZX,Super 98 Sans PL,TOUS SUPER ET GPL,1.939,36.01,18.57,7.0,265.3,8.38,221.6,10.05
2025-11-14 11:44,64,GOTEIN LIBARRENX,CM-630-VD,Super 95 Sans PL,TOUS SUPER ET GPL,1.859,91.93,49.45,7.0,706.4,8.64,572.3,9.64
2025-11-24 17:24,64,ST PALAIS,CQ-265-MT,Gazole Premier,GAZOLE,1.809,75.35,41.65,6.0,694.2,6.33,658.0,7.35
2025-11-25 12:38,64,BILLERE,CR-137-ZL,Diesel B10,GAZOLE,1.809,75.44,41.7,6.0,695.0,7.95,524.5,7.74
2025-11-21 08:27,64,OLORON STE MARIE,CR-178-ZL,Gazole Premier,GAZOLE,1.829,51.91,28.38,6.0,473.0,7.38,384.6,7.01
2025-11-18 13:40,64,OLORON STE MARIE,CS-583-QP,Gazole Premier,GAZOLE,1.814,80.63,44.45,6.0,740.8,7.68,578.8,7.64
2025-11-06 11:40,64,AURIAC,CS-614-QP,Gazole Premier,GAZOLE,1.784,48.73,27.31,6.0,455.2,6.18,441.9,5.96
2025-11-13 14:19,64,BIZANOS,CV-317-NN,Gazole Premier,GAZOLE,1.794,102.7,57.25,6.0,954.2,7.73,740.6,7.36
2025-11-14 12:00,64,ORTHEZ,DA-730-ET,Sans Plomb 95 E10,TOUS SUPER ET GPL,1.8,42.29,23.49,7.0,335.6,7.95,295.5,8.86
2025-11-13 08:19,64,BAYONNE,DA-748-ET,Super 98 Sans PL,TOUS SUPER ET GPL,1.909,64.66,33.87,7.0,483.9,8.64,392.0,8.69
2025-11-18 07:32,64,BAYONNE,DA-748-ET,Sans Plomb 95 E10,TOUS SUPER ET GPL,1.83,61.9,33.82,7.0,483.1,8.64,391.4,8.23
2025-11-24 15:29,64,BAYONNE,DA-748-ET,Sans Plomb 95 E10,TOUS SUPER ET GPL,1.82,58.64,32.22,7.0,460.3,8.64,372.9,9.61
2025-11-27 16:24,64,BAYONNE,DA-748-ET,Sans Plomb 95 E10,TOUS SUPER ET GPL,1.8,57.19,31.77,7.0,453.9,8.64,367.7,8.51
2025-11-19 14:21,64,JURANCON,DB-115-GS,Gazole Excellium,GAZOLE,1.879,124.12,66.06,6.0,1101.0,6.96,949.1,7.97
2025-11-26 12:09,64,JURANCON,DB-115-GS,Gazole Excellium,GAZOLE,1.849,45.01,24.34,6.0,405.7,6.96,349.7,6.93
2025-11-05 15:42,64,JURANCON,DB-780-NR,Gazole Excellium,GAZOLE,1.829,62.81,34.34,6.0,572.3,6.39,537.4,6.11
2025-11-25 17:23,64,PAU,DB-780-NR,Diesel B10,GAZOLE,1.809,86.56,47.85,6.0,797.5,6.39,748.8,6.62
2025-11-12 11:54,64,ANGLET,DB-923-GR,Gazole Premier,GAZOLE,1.794,63.0,35.12,6.0,585.3,7.92,443.4,8.90
2025-11-26 15:49,64,ANGLET,DB-923-GR,Gazole Premier,GAZOLE,1.799,81.94,45.55,6.0,759.2,7.92,575.1,9.16
2025-11-06 17:08,64,JURANCON,DC-023-DH,Sans Plomb 95 E10,TOUS SUPER ET GPL,1.795,60.44,33.67,7.0,481.0,8.15,413.1,8.09
2025-11-12 09:23,64,BIDACHE,DC-040-DH,Super 95 Sans PL,TOUS SUPER ET GPL,1.859,52.61,28.3,7.0,404.3,7.20,393.1,8.02
2025-11-26 10:58,64,BIZANOS,DC-071-DH,Super 98 Sans PL,TOUS SUPER ET GPL,1.919,48.4,25.22,7.0,360.3,8.39,300.6,8.52
2025-11-27 17:50,64,SALIES DE BEARN,DC-091-DH,Sans Plomb 95 E10,TOUS SUPER ET GPL,1.8,39.95,22.19,7.0,317.0,8.87,250.2,9.69
2025-11-06 14:06,64,BILLERE,DC-106-DH,Super 98 Sans PL,TOUS SUPER ET GPL,1.904,34.27,18.0,7.0,257.1,7.71,233.5,8.49
2025-11-25 11:56,64,BILLERE,DC-106-DH,Super 98 Sans PL,TOUS SUPER ET GPL,1.929,44.63,23.14,7.0,330.6,7.71,300.1,7.51
2025-11-05 14:07,64,PARDIES,DC-129-DH,Gazole Premier,GAZOLE,1.779,119.24,67.03,6.0,1117.2,6.76,991.6,6.54
2025-11-19 15:37,64,BILLERE,DC-129-DH,Diesel B10,GAZOLE,1.829,132.36,72.37,6.0,1206.2,6.76,1070.6,6.87
2025-11-27 15:39,64,BILLERE,DC-129-DH,Diesel B10,GAZOLE,1.779,83.72,47.06,6.0,784.3,6.76,696.2,8.01
2025-11-20 09:00,64,PAU,DC-775-WG,Diesel B10,GAZOLE,1.829,58.7,32.09,6.0,534.8,6.32,507.8,7.05
2025-11-03 15:26,64,PAU,DC-976-DG,Super 98 Sans PL,TOUS SUPER ET GPL,1.904,55.21,29.0,7.0,414.3,7.64,379.6,7.99
2025-11-18 14:16,64,OLORON STE MARIE,DC-976-DG,Sans Plomb 95 E10,TOUS SUPER ET GPL,1.83,62.53,34.17,7.0,488.1,7.64,447.3,7.67
2025-11-27 13:25,64,PAU,DC-976-DG,Super 98 Sans PL,TOUS SUPER ET GPL,1.909,62.65,32.82,7.0,468.9,7.64,429.6,8.25
2025-11-05 16:45,64,SALIES DE BEARN,DF-579-WS,Sans Plomb 95 E10,TOUS SUPER ET GPL,1.795,32.2,17.94,7.0,256.3,8.68,206.7,9.98
2025-11-25 16:31,64,SALIES DE BEARN,DF-579-WS,Super 98 Sans PL,TOUS SUPER ET GPL,1.929,29.95,15.53,7.0,221.9,8.68,178.9,10.31
2025-11-18 10:20,64,USTARITZ,DG-271-KX,Gazole Premier,GAZOLE,1.814,44.84,24.72,6.0,412.0,6.16,401.3,6.57
2025-11-24 16:57,64,USTARITZ,DG-271-KX,Gazole Premier,GAZOLE,1.809,47.96,26.51,6.0,441.8,6.16,430.4,6.94
2025-11-13 12:46,64,BAYONNE,DG-316-KX,Gazole Premier,GAZOLE,1.794,52.6,29.32,6.0,488.7,6.58,445.6,6.79
2025-11-20 15:10,64,ST PALAIS,DG-316-KX,Gazole Excellium,GAZOLE,1.879,49.31,26.24,6.0,437.3,6.58,398.8,6.91
2025-11-28 11:49,64,ST PALAIS,DG-316-KX,Gazole Premier,GAZOLE,1.779,58.28,32.76,6.0,546.0,6.58,497.9,6.70
2025-11-27 11:25,64,ORTHEZ,DG-343-KX,Gazole Premier,GAZOLE,1.779,58.07,32.64,6.0,544.0,6.39,510.8,7.29
2025-11-25 11:04,64,OLORON STE MARIE,DG-370-KX,Gazole Premier,GAZOLE,1.809,54.67,30.22,6.0,503.7,7.47,404.6,7.26
2025-11-09 12:43,64,PAU,DG-539-NM,Gazole Premier,GAZOLE,1.794,92.63,51.63,6.0,860.5,6.32,816.9,7.08
2025-11-26 18:35,64,BIZANOS,DG-539-NM,Gazole Premier,GAZOLE,1.799,58.1,32.3,6.0,538.3,6.32,511.1,7.15
2025-11-21 17:35,64,PAU,DH-114-PH,Diesel B10,GAZOLE,1.829,45.31,24.77,6.0,412.8,7.28,340.2,7.48
2025-11-27 12:27,64,PAU,DH-114-PH,Diesel B10,GAZOLE,1.779,60.44,33.97,6.0,566.2,7.28,466.6,8.29
2025-11-21 19:21,64,BILLERE,DH-119-PH,Diesel B10,GAZOLE,1.829,80.69,44.12,6.0,735.3,7.28,606.0,8.06
2025-11-24 15:09,64,PARDIES,DH-845-SK,Super 98 Sans PL,TOUS SUPER ET GPL,1.929,75.07,38.92,7.0,556.0,8.63,451.0,8.31
2025-11-06 11:04,64,BIARRITZ,DH-849-SK,Super 98 Sans PL,TOUS SUPER ET GPL,1.904,67.61,35.51,7.0,507.3,7.37,481.8,8.40
2025-11-04 13:03,64,IRUBE,DH-850-SK,Super 98 Sans PL,TOUS SUPER ET GPL,1.904,39.91,20.96,7.0,299.4,7.54,278.0,7.30
2025-11-06 07:33,64,PAU,DH-850-SK,Super 98 Sans PL,TOUS SUPER ET GPL,1.904,27.31,14.34,7.0,204.9,7.54,190.2,8.72
2025-11-14 17:34,64,PAU,DH-850-SK,Super 98 Sans PL,TOUS SUPER ET GPL,1.909,53.84,28.2,7.0,402.9,7.54,374.0,7.39
2025-11-20 09:24,64,PAU,DH-850-SK,Super 98 Sans PL,TOUS SUPER ET GPL,1.949,29.46,15.12,7.0,216.0,7.54,200.5,7.46
2025-11-21 12:32,64,OLORON STE MARIE,DH-850-SK,Super 98 Sans PL,TOUS SUPER ET GPL,1.949,31.14,15.98,7.0,228.3,7.54,211.9,8.92
2025-11-26 18:22,64,PAU,DH-850-SK,Super 98 Sans PL,TOUS SUPER ET GPL,1.919,61.69,32.15,7.0,459.3,7.54,426.4,8.10
2025-11-20 14:02,64,JURANCON,DJ-577-SP,Gazole Excellium,GAZOLE,1.879,63.9,34.01,6.0,566.8,7.38,460.8,7.49
2025-11-26 10:35,64,ORTHEZ,DJ-577-SP,Gazole Premier,GAZOLE,1.799,32.68,18.17,6.0,302.8,7.38,246.2,8.24
2025-11-07 15:22,64,BILLERE,DL-393-AQ,Gazole Excellium,GAZOLE,1.844,97.42,52.83,6.0,880.5,6.85,771.2,8.16
2025-11-21 18:19,64,PAU,DL-393-AQ,Diesel B10,GAZOLE,1.829,87.4,47.79,6.0,796.5,6.85,697.7,7.98
2025-11-06 11:08,64,IRUBE,DL-517-XS,Gazole Premier,GAZOLE,1.784,73.96,41.46,6.0,691.0,7.31,567.2,6.95
2025-11-12 12:38,64,BAYONNE,DL-536-XS,Gazole Excellium,GAZOLE,1.844,62.39,33.83,6.0,563.8,6.09,555.5,6.83
2025-11-27 11:04,64,BAYONNE,DL-536-XS,Diesel B10,GAZOLE,1.779,44.15,24.82,6.0,413.7,6.09,407.6,6.65
2025-11-18 14:32,64,JURANCON,DL-564-XS,Gazole Premier,GAZOLE,1.814,73.43,40.48,6.0,674.7,7.83,517.0,8.16
2025-11-07 15:16,64,ST JEAN DE LUZ,DL-608-XS,Gazole Premier,GAZOLE,1.794,67.63,37.7,6.0,628.3,7.08,532.5,7.40
2025-11-28 11:27,64,ST JEAN DE LUZ,DL-608-XS,Gazole Premier,GAZOLE,1.779,71.78,40.35,6.0,672.5,7.08,569.9,8.18
2025-11-12 15:29,64,BAYONNE,DL-642-XS,Gazole Premier,GAZOLE,1.794,58.12,32.4,6.0,540.0,7.65,423.5,7.41
2025-11-27 13:09,64,BAYONNE,DL-642-XS,Gazole Excellium,GAZOLE,1.829,56.99,31.16,6.0,519.3,7.65,407.3,8.86
2025-11-12 18:17,64,PAU,DM-185-VR,Gazole Premier,GAZOLE,1.794,56.8,31.66,6.0,527.7,6.39,495.5,6.29
2025-11-12 16:39,64,PAU,DM-186-VR,Gazole Premier,GAZOLE,1.794,93.32,52.02,6.0,867.0,7.51,692.7,7.47
2025-11-28 09:19,64,PAU,DM-186-VR,Gazole Premier,GAZOLE,1.779,81.32,45.71,6.0,761.8,7.51,608.7,7.26
2025-11-05 08:51,64,ANGLET,DN-046-RM,Gazole Premier,GAZOLE,1.779,88.34,49.66,6.0,827.7,6.63,749.0,6.62
2025-11-19 16:04,64,ANGLET,DN-046-RM,Gazole Premier,GAZOLE,1.829,83.7,45.76,6.0,762.7,6.63,690.2,6.60
2025-11-28 09:45,64,ANGLET,DN-046-RM,Gazole Premier,GAZOLE,1.779,76.21,42.84,6.0,714.0,6.63,646.2,7.02
2025-11-05 12:49,64,ST JEAN DE LUZ,DN-263-JM,Gazole Premier,GAZOLE,1.779,54.8,30.8,6.0,513.3,6.30,488.9,6.85
2025-11-24 08:57,64,ST JEAN LE VIEUX,DN-271-JM,Gazole Premier,GAZOLE,1.809,66.18,36.58,6.0,609.7,6.06,603.6,6.99
2025-11-20 16:33,64,PAU,DN-572-ST,Diesel B10,GAZOLE,1.829,54.13,29.6,6.0,493.3,6.65,445.1,7.68
2025-11-21 13:33,64,PAU,DP-383-TH,Diesel B10,GAZOLE,1.829,65.84,36.0,6.0,600.0,7.06,509.9,7.97
2025-11-07 19:01,64,BILLERE,DP-489-TH,Diesel B10,GAZOLE,1.794,39.91,22.25,6.0,370.8,6.51,341.8,6.82
2025-11-18 07:54,64,PAU,DP-489-TH,Gazole Premier,GAZOLE,1.814,63.31,34.9,6.0,581.7,6.51,536.1,7.05
2025-11-24 19:00,64,BILLERE,DP-489-TH,Diesel B10,GAZOLE,1.809,64.82,35.83,6.0,597.2,6.51,550.4,7.57
2025-11-18 09:31,64,IGON,DP-529-TH,Gazole Premier,GAZOLE,1.814,61.31,33.8,6.0,563.3,6.16,548.7,6.76
2025-11-14 15:00,64,BAYONNE,DR-943-HL,Gazole Premier,GAZOLE,1.794,49.76,27.74,6.0,462.3,7.87,352.5,7.91
2025-11-18 17:49,64,BAYONNE,DR-943-HL,Gazole Excellium,GAZOLE,1.864,26.87,14.42,6.0,240.3,7.87,183.2,7.91
2025-11-27 07:23,64,IRUBE,DR-943-HL,Gazole Premier,GAZOLE,1.779,49.45,27.8,6.0,463.3,7.87,353.2,8.07
2025-11-19 11:21,64,ST PALAIS,DR-964-HL,Gazole Premier,GAZOLE,1.829,50.5,27.61,6.0,460.2,6.73,410.3,7.19
2025-11-28 15:47,64,PAU,DS-025-BY,Diesel B10,GAZOLE,1.779,82.98,46.64,6.0,777.3,7.06,660.6,7.65
2025-11-07 14:24,64,PAU,DS-065-BY,Diesel B10,GAZOLE,1.794,74.51,41.53,6.0,692.2,7.47,556.0,7.64
2025-11-18 19:04,64,PAU,DS-065-BY,Gazole Premier,GAZOLE,1.814,85.69,47.24,6.0,787.3,7.47,632.4,7.50
2025-11-19 11:48,64,AURIAC,DS-100-BY,Gazole Premier,GAZOLE,1.829,54.12,29.59,6.0,493.2,6.89,429.5,7.69
2025-11-17 17:01,64,IRUBE,DS-126-BY,Gazole Premier,GAZOLE,1.804,80.75,44.76,6.0,746.0,8.00,559.5,8.65
2025-11-04 13:35,64,PAU,DS-168-BY,Gazole Premier,GAZOLE,1.769,83.24,47.05,6.0,784.2,7.71,610.2,7.33
2025-11-19 18:08,64,ORTHEZ,DS-168-BY,Gazole Premier,GAZOLE,1.829,81.1,44.34,6.0,739.0,7.71,575.1,7.43
2025-11-18 15:48,64,LACQ,DS-949-BX,Gazole Premier,GAZOLE,1.814,58.64,32.33,6.0,538.8,6.88,469.9,7.43
2025-11-05 17:46,64,PAU,DS-982-BX,Diesel B10,GAZOLE,1.779,68.96,38.76,6.0,646.0,7.49,517.5,8.28
2025-11-14 08:18,64,PAU,DS-982-BX,Gazole Premier,GAZOLE,1.794,75.0,41.81,6.0,696.8,7.49,558.2,8.90
2025-11-05 19:28,64,BIZANOS,DT-757-CT,Gazole Premier,CABINET,1.779,62.96,35.39,6.0,589.8,6.03,586.9,6.59
2025-11-27 19:14,64,BIZANOS,DT-757-CT,Gazole Premier,CABINET,1.779,26.51,14.9,6.0,248.3,6.03,247.1,6.12
2025-11-20 16:12,64,BIDACHE,DT-807-ML,Gazole Excellium,GAZOLE,1.879,49.12,26.14,6.0,435.7,7.70,339.5,7.82
2025-11-25 17:47,64,BILLERE,DT-807-ML,Diesel B10,GAZOLE,1.809,34.96,19.33,6.0,322.2,7.70,251.0,8.20
2025-11-03 12:17,64,AURIAC,DT-832-ML,Gazole Premier,GAZOLE,1.764,37.06,21.01,6.0,350.2,6.44,326.2,6.32
2025-11-20 13:23,64,MONTARDON,DT-832-ML,Gazole Premier,GAZOLE,1.829,55.0,30.07,6.0,501.2,6.44,466.9,7.58
2025-11-13 17:23,64,OLORON STE MARIE,DT-874-ML,Gazole Premier,GAZOLE,1.794,43.2,24.08,6.0,401.3,7.67,314.0,7.73
2025-11-26 09:43,64,OLORON STE MARIE,DT-874-ML,Gazole Premier,GAZOLE,1.799,34.8,19.34,6.0,322.3,7.67,252.2,7.99
2025-11-14 11:45,64,BIZANOS,DT-924-ML,Gazole Excellium,GAZOLE,1.844,60.24,32.67,6.0,544.5,6.90,473.5,7.95
2025-11-03 13:43,64,ORTHEZ,DT-941-ML,Gazole Premier,GAZOLE,1.764,47.16,26.73,6.0,445.5,7.54,354.5,7.71
2025-11-24 16:07,64,PARDIES,DT-941-ML,Gazole Premier,GAZOLE,1.809,51.35,28.39,6.0,473.2,7.54,376.5,7.60
2025-11-06 11:08,64,URRUGNE,DX-192-ST,Gazole Premier,GAZOLE,1.784,119.58,67.03,6.0,1117.2,7.79,860.5,9.35
2025-11-12 15:21,64,PAU,DX-192-ST,Gazole Excellium,GAZOLE,1.844,97.2,52.71,6.0,878.5,7.79,676.6,8.63
2025-11-18 15:44,64,PAU,DX-192-ST,Gazole Premier,GAZOLE,1.814,96.48,53.19,6.0,886.5,7.79,682.8,8.93
2025-11-19 18:27,64,IGON,DX-232-ST,Gazole Premier,GAZOLE,1.829,57.94,31.68,6.0,528.0,7.97,397.5,8.46
2025-11-13 18:22,64,PAU,DX-277-HH,Gazole Excellium,GAZOLE,1.844,82.32,44.64,6.0,744.0,6.97,640.5,6.86
2025-11-06 11:47,64,AURIAC,DX-315-HH,Gazole Premier,GAZOLE,1.784,53.15,29.79,6.0,496.5,6.50,458.3,6.65
2025-11-07 08:55,64,JURANCON,ED-680-WQ,Gazole Premier,GAZOLE,1.794,36.41,20.3,6.0,338.3,6.09,333.3,6.81
2025-11-24 14:15,64,BIZANOS,ED-680-WQ,Gazole Premier,GAZOLE,1.809,38.54,21.3,6.0,355.0,6.09,349.8,5.92
2025-11-27 07:47,64,PAU,ED-680-WQ,Gazole Excellium,GAZOLE,1.829,28.73,15.71,6.0,261.8,6.09,258.0,6.72
2025-11-04 18:44,64,JURANCON,ED-687-WQ,Gazole Premier,GAZOLE,1.769,37.34,21.11,6.0,351.8,7.67,275.2,7.84
2025-11-14 08:35,64,PAU,ED-687-WQ,Gazole Premier,GAZOLE,1.794,26.64,14.85,6.0,247.5,7.67,193.6,8.10
2025-11-21 13:00,64,JURANCON,ED-687-WQ,Gazole Premier,GAZOLE,1.829,47.27,25.84,6.0,430.7,7.67,336.9,8.69
2025-11-04 19:59,64,BILLERE,ED-690-WQ,Diesel B10,GAZOLE,1.769,42.42,23.98,6.0,399.7,7.65,313.5,8.93
2025-11-19 09:03,64,LACQ,ED-690-WQ,Gazole Premier,GAZOLE,1.829,29.48,16.12,6.0,268.7,7.65,210.7,8.20
2025-11-26 18:09,64,PAU,ED-690-WQ,Gazole Premier,GAZOLE,1.799,37.96,21.1,6.0,351.7,7.65,275.8,8.66
2025-11-28 18:25,64,BILLERE,ED-690-WQ,Diesel B10,GAZOLE,1.779,27.68,15.56,6.0,259.3,7.65,203.4,7.79
2025-11-17 20:19,64,MONTARDON,ED-693-WQ,Gazole Premier,GAZOLE,1.804,37.2,20.62,6.0,343.7,7.57,272.4,8.13
2025-11-26 19:00,64,JURANCON,ED-693-WQ,Gazole Premier,GAZOLE,1.799,25.39,14.11,6.0,235.2,7.57,186.4,8.66
2025-11-05 15:28,64,JURANCON,ED-783-WP,Gazole Excellium,GAZOLE,1.829,34.31,18.76,6.0,312.7,6.84,274.3,7.33
2025-11-20 15:59,64,PAU,ED-783-WP,Gazole Excellium,GAZOLE,1.879,58.7,31.24,6.0,520.7,6.84,456.7,6.71
2025-11-27 11:05,64,BILLERE,ED-783-WP,Diesel B10,GAZOLE,1.779,31.14,17.5,6.0,291.7,6.84,255.8,6.84
2025-11-04 19:17,64,BILLERE,ED-790-WP,Diesel B10,GAZOLE,1.769,35.29,19.95,6.0,332.5,6.45,309.3,7.48
2025-11-12 12:24,64,BIZANOS,ED-790-WP,Gazole Premier,GAZOLE,1.794,35.39,19.73,6.0,328.8,6.45,305.9,6.65
2025-11-17 16:59,64,BILLERE,ED-790-WP,Diesel B10,GAZOLE,1.804,49.33,27.34,6.0,455.7,6.45,423.9,6.28
2025-11-19 15:44,64,JURANCON,ED-790-WP,Gazole Excellium,GAZOLE,1.879,27.54,14.66,6.0,244.3,6.45,227.3,7.36
2025-11-24 17:44,64,JURANCON,ED-790-WP,Gazole Premier,GAZOLE,1.809,29.63,16.38,6.0,273.0,6.45,254.0,6.94
2025-11-26 17:46,64,PAU,ED-790-WP,Gazole Premier,GAZOLE,1.799,45.92,25.53,6.0,425.5,6.45,395.8,6.85
2025-11-07 14:07,64,JURANCON,EE-590-SJ,Gazole Excellium,GAZOLE,1.844,60.47,32.79,6.0,546.5,7.54,434.9,7.25
2025-11-27 08:48,64,BIZANOS,EE-590-SJ,Gazole Excellium,GAZOLE,1.829,60.61,33.14,6.0,552.3,7.54,439.5,8.34
2025-11-28 11:02,64,BILLERE,EE-590-SJ,Diesel B10,GAZOLE,1.779,33.34,18.74,6.0,312.3,7.54,248.5,7.36
2025-11-13 12:31,64,BAYONNE,EH-196-VD,Super 98 Sans PL,GAZOLE,1.909,36.53,19.14,7.0,273.4,7.43,257.6,7.73
2025-11-05 18:47,64,BAYONNE,EH-213-VD,Sans Plomb 95 E10,TOUS SUPER ET GPL,1.795,34.44,19.19,7.0,274.1,7.50,255.9,8.85
2025-11-18 09:45,40,HAGETMAU,EH-213-VD,Sans Plomb 95 E10,TOUS SUPER ET GPL,1.83,41.65,22.76,7.0,325.1,7.50,303.5,8.29
2025-11-20 17:52,64,IRUBE,EH-213-VD,Super 98 Sans PL,TOUS SUPER ET GPL,1.949,39.67,20.35,7.0,290.7,7.50,271.3,7.74
2025-11-18 13:54,64,JURANCON,EH-228-VD,Super 98 Sans PL,GAZOLE,1.939,49.2,25.37,7.0,362.4,7.56,335.6,9.06
2025-11-19 18:50,64,JURANCON,EN-004-DA,Gazole Premier,GAZOLE,1.829,47.6,26.03,6.0,433.8,6.72,387.4,6.68
2025-11-12 17:53,64,ST PALAIS,EN-209-DA,Gazole Premier,GAZOLE,1.794,40.45,22.55,6.0,375.8,6.44,350.2,6.94
2025-11-19 18:57,64,ST JEAN LE VIEUX,EN-209-DA,Gazole Excellium,GAZOLE,1.879,58.4,31.08,6.0,518.0,6.44,482.6,6.45
2025-11-05 12:47,64,ST JEAN LE VIEUX,EN-263-DA,Gazole Excellium,GAZOLE,1.829,17.46,9.55,6.0,159.2,7.92,120.6,9.31
2025-11-12 12:36,64,JURANCON,EN-263-DA,Gazole Premier,GAZOLE,1.794,34.2,19.06,6.0,317.7,7.92,240.7,8.95
2025-11-20 10:44,64,BILLERE,EN-263-DA,Diesel B10,GAZOLE,1.829,43.24,23.64,6.0,394.0,7.92,298.5,8.90
2025-11-21 17:51,64,BILLERE,EN-263-DA,Diesel B10,GAZOLE,1.829,51.26,28.03,6.0,467.2,7.92,353.9,7.73
2025-11-21 09:14,64,TARDETS,EN-769-CZ,Gazole Excellium,GAZOLE,1.879,64.61,34.39,6.0,573.2,7.14,481.7,7.18
2025-11-26 15:35,64,ARUDY,EN-895-CZ,Gazole Premier,GAZOLE,1.799,51.18,28.45,6.0,474.2,6.24,455.9,5.97
2025-11-06 07:16,64,PAU,EN-902-CZ,Gazole Premier,GAZOLE,1.784,38.27,21.45,6.0,357.5,6.33,338.9,7.50
2025-11-21 09:04,64,PAU,EN-902-CZ,Gazole Premier,GAZOLE,1.829,38.29,20.93,6.0,348.8,6.33,330.6,6.39
2025-11-17 16:58,64,ST PALAIS,EN-929-CZ,Gazole Premier,GAZOLE,1.804,59.84,33.17,6.0,552.8,6.27,529.0,6.86
2025-11-28 07:26,64,ST PALAIS,EN-929-CZ,Gazole Premier,GAZOLE,1.779,47.48,26.69,6.0,444.8,6.27,425.7,6.08
2025-11-05 19:25,64,IRUBE,EN-954-CZ,Gazole Premier,GAZOLE,1.779,66.43,37.34,6.0,622.3,6.75,553.2,6.61
2025-11-17 19:45,64,IRUBE,EN-954-CZ,Gazole Premier,GAZOLE,1.804,67.32,37.32,6.0,622.0,6.75,552.9,7.12
2025-11-04 11:56,64,AURIAC,EP-845-AC,Gazole Premier,GAZOLE,1.769,151.03,85.38,6.0,1423.0,6.18,1381.6,7.02
2025-11-07 13:24,64,MONTARDON,EP-845-AC,Gazole Premier,GAZOLE,1.794,102.23,56.98,6.0,949.7,6.18,922.0,6.66
2025-11-21 11:12,64,BIZANOS,EP-845-AC,Gazole Premier,GAZOLE,1.829,104.45,57.11,6.0,951.8,6.18,924.1,6.38
2025-11-05 08:38,64,ORTHEZ,ES-052-GB,Gazole Excellium,GAZOLE,1.829,67.74,37.04,6.0,617.3,7.79,475.5,8.10
2025-11-18 14:40,64,LACQ,ES-052-GB,Gazole Excellium,GAZOLE,1.864,63.86,34.26,6.0,571.0,7.79,439.8,7.89
2025-11-25 11:20,64,ORTHEZ,ES-052-GB,Gazole Excellium,GAZOLE,1.859,62.05,33.38,6.0,556.3,7.79,428.5,8.45
2025-11-03 17:28,64,BIZANOS,ES-118-GB,Gazole Premier,GAZOLE,1.764,63.14,35.79,6.0,596.5,6.69,535.0,6.99
2025-11-17 13:52,64,PAU,ES-118-GB,Gazole Premier,GAZOLE,1.804,30.85,17.1,6.0,285.0,6.69,255.6,6.63
2025-11-07 14:26,64,PAU,ES-126-GB,Gazole Premier,GAZOLE,1.794,69.16,38.55,6.0,642.5,6.99,551.5,6.80
2025-11-17 08:29,64,BIZANOS,ES-126-GB,Gazole Premier,GAZOLE,1.804,70.49,39.07,6.0,651.2,6.99,558.9,7.07
2025-11-24 17:19,33,PESSAC,ES-126-GB,Gazole Premier,GAZOLE,1.809,59.72,33.01,6.0,550.2,6.99,472.2,7.38
2025-11-24 15:07,64,BAYONNE,ES-495-MS,Gazole Excellium,GAZOLE,1.859,72.0,38.73,6.0,645.5,7.36,526.2,7.02
2025-11-04 17:43,64,BAYONNE,EW-327-DE,Gazole Premier,GAZOLE,1.769,42.37,23.95,6.0,399.2,6.02,397.8,6.08
2025-11-06 13:14,64,IRUBE,EW-327-DE,Gazole Premier,GAZOLE,1.784,22.3,12.5,6.0,208.3,6.02,207.6,5.92
2025-11-14 17:07,64,BILLERE,EW-327-DE,Diesel B10,GAZOLE,1.794,16.02,8.93,6.0,148.8,6.02,148.3,6.54
2025-11-17 16:31,64,PAU,EW-327-DE,Gazole Excellium,GAZOLE,1.854,17.93,9.67,6.0,161.2,6.02,160.6,6.50
2025-11-19 11:38,64,IRUBE,EW-327-DE,Gazole Premier,GAZOLE,1.829,34.6,18.92,6.0,315.3,6.02,314.3,5.86
2025-11-21 17:44,64,BAYONNE,EW-327-DE,Gazole Premier,GAZOLE,1.829,45.52,24.89,6.0,414.8,6.02,413.5,6.48
2025-11-26 18:03,64,BILLERE,EW-327-DE,Diesel B10,GAZOLE,1.799,49.88,27.73,6.0,462.2,6.02,460.6,6.50
2025-11-28 18:00,64,BILLERE,EW-327-DE,Diesel B10,GAZOLE,1.779,39.29,22.09,6.0,368.2,6.02,366.9,6.31
2025-11-26 15:56,64,USTARITZ,EW-365-CZ,Gazole Premier,GAZOLE,1.799,58.92,32.75,6.0,545.8,7.60,430.9,7.88
2025-11-04 15:09,64,BAYONNE,EW-377-CZ,Gazole Premier,GAZOLE,1.769,34.49,19.5,6.0,325.0,6.21,314.0,6.63
2025-11-06 15:23,64,BAYONNE,EW-377-CZ,Gazole Premier,GAZOLE,1.784,35.2,19.73,6.0,328.8,6.21,317.7,5.96
2025-11-14 17:51,64,BAYONNE,EW-377-CZ,Gazole Premier,GAZOLE,1.794,49.98,27.86,6.0,464.3,6.21,448.6,7.20
2025-11-19 13:31,64,IRUBE,EW-377-CZ,Gazole Excellium,GAZOLE,1.879,26.76,14.24,6.0,237.3,6.21,229.3,6.80
2025-11-24 13:12,64,LARRESSORE,EW-377-CZ,Gazole Excellium,GAZOLE,1.859,24.89,13.39,6.0,223.2,6.21,215.6,7.03
2025-11-21 08:13,64,OLORON STE MARIE,EW-468-YK,Gazole Premier,GAZOLE,1.829,53.39,29.19,6.0,486.5,6.78,430.5,7.30
2025-11-24 15:40,64,GOTEIN LIBARRENX,EW-554-CZ,Gazole Excellium,GAZOLE,1.859,64.88,34.9,6.0,581.7,6.32,552.2,7.29
2025-11-05 18:41,64,SALIES DE BEARN,EW-899-YD,Gazole Premier,GAZOLE,1.779,27.17,15.27,6.0,254.5,6.00,254.5,5.96
2025-11-13 12:36,64,ORTHEZ,EW-899-YD,Gazole Premier,GAZOLE,1.794,52.45,29.24,6.0,487.3,6.00,487.3,6.90
2025-11-18 10:10,64,PAU,EW-899-YD,Gazole Premier,GAZOLE,1.814,40.38,22.26,6.0,371.0,6.00,371.0,5.73
2025-11-21 09:30,64,BIZANOS,EW-912-YL,Gazole Premier,GAZOLE,1.829,40.39,22.08,6.0,368.0,6.94,318.2,7.39
2025-11-13 08:36,64,BAYONNE,EW-957-DF,Gazole Premier,GAZOLE,1.794,49.63,27.66,6.0,461.0,7.12,388.5,8.13
2025-11-12 13:37,64,BIZANOS,EX-553-BC,Gazole Excellium,GAZOLE,1.844,61.97,33.61,6.0,560.2,7.84,428.7,7.94
2025-11-19 13:46,64,BIZANOS,EX-553-BC,Gazole Excellium,GAZOLE,1.879,43.82,23.32,6.0,388.7,7.84,297.4,7.69
2025-11-26 13:56,64,BIZANOS,EX-553-BC,Gazole Excellium,GAZOLE,1.849,61.01,33.0,6.0,550.0,7.84,420.9,8.77
2025-11-13 18:24,64,LARRESSORE,EZ-853-PN,Gazole Excellium,GAZOLE,1.844,100.55,54.53,6.0,908.8,7.53,724.2,8.51
2025-11-27 07:27,64,BAYONNE,EZ-853-PN,Gazole Premier,GAZOLE,1.779,83.38,46.87,6.0,781.2,7.53,622.4,8.64
2025-11-06 18:52,64,IRUBE,FA-220-TV,Gazole Premier,GAZOLE,1.784,55.1,30.89,6.0,514.8,7.84,394.0,8.38
2025-11-04 11:33,64,BAYONNE,FA-711-TV,Gazole Premier,GAZOLE,1.769,59.86,33.84,6.0,564.0,7.99,423.5,8.41
2025-11-13 15:24,64,PAU,FA-711-TV,Gazole Premier,GAZOLE,1.794,94.56,52.71,6.0,878.5,7.99,659.7,8.03
2025-11-25 13:49,64,BAYONNE,FA-711-TV,Gazole Premier,GAZOLE,1.809,55.96,30.93,6.0,515.5,7.99,387.1,7.87
2025-11-02 13:13,64,BIDART,FC-836-WC,Gazole Premier,GAZOLE,1.764,40.2,22.79,6.0,379.8,6.96,327.4,8.01
2025-11-06 15:23,64,ORTHEZ,FC-836-WC,Gazole Premier,GAZOLE,1.784,47.94,26.87,6.0,447.8,6.96,386.1,8.28
2025-11-24 10:14,64,ANGLET,FC-836-WC,Gazole Premier,GAZOLE,1.809,68.68,37.97,6.0,632.8,6.96,545.5,7.46
2025-11-03 10:59,64,PAU,FE-889-QT,Sans Plomb 95 E10,TOUS SUPER ET GPL,1.795,75.34,41.97,7.0,599.6,7.96,527.3,7.72
2025-11-07 08:58,64,PAU,FE-889-QT,Sans Plomb 95 E10,TOUS SUPER ET GPL,1.8,52.28,29.04,7.0,414.9,7.96,364.8,8.89
2025-11-19 08:33,64,BIZANOS,FE-889-QT,Sans Plomb 95 E10,TOUS SUPER ET GPL,1.84,58.96,32.04,7.0,457.7,7.96,402.5,8.78
2025-11-05 12:52,64,PAU,FE-909-QT,Sans Plomb 95 E10,TOUS SUPER ET GPL,1.795,61.97,34.52,7.0,493.1,8.73,395.4,8.46
2025-11-17 09:51,64,PAU,FE-909-QT,Sans Plomb 95 E10,TOUS SUPER ET GPL,1.83,65.68,35.89,7.0,512.7,8.73,411.1,9.55
2025-11-21 10:45,64,JURANCON,FE-909-QT,Sans Plomb 95 E10,TOUS SUPER ET GPL,1.84,72.96,39.65,7.0,566.4,8.73,454.2,8.59
2025-11-27 17:52,64,ORTHEZ,FE-909-QT,Sans Plomb 95 E10,TOUS SUPER ET GPL,1.8,61.14,33.97,7.0,485.3,8.73,389.1,9.06
2025-11-05 09:41,64,BIDACHE,FH-707-SP,Gazole Excellium,GAZOLE,1.829,66.72,36.48,6.0,608.0,7.89,462.4,8.13
2025-11-18 11:38,64,LARRESSORE,FH-707-SP,Gazole Excellium,GAZOLE,1.864,73.61,39.49,6.0,658.2,7.89,500.5,7.78
2025-11-06 07:27,64,BIDART,FJ-250-EJ,Super 98 Sans PL,TOUS SUPER ET GPL,1.904,76.15,39.99,7.0,571.3,7.97,501.8,8.06
2025-11-19 07:30,64,BIDART,FJ-250-EJ,Super 98 Sans PL,TOUS SUPER ET GPL,1.949,80.53,41.32,7.0,590.3,7.97,518.4,9.07
2025-11-28 07:18,64,BIDART,FJ-250-EJ,Super 98 Sans PL,TOUS SUPER ET GPL,1.909,70.37,36.86,7.0,526.6,7.97,462.5,8.50
2025-11-07 17:25,64,JURANCON,FJ-256-EJ,Sans Plomb 95 E10,TOUS SUPER ET GPL,1.8,57.76,32.09,7.0,458.4,7.26,442.0,7.87
2025-11-24 13:21,64,OLORON STE MARIE,FJ-256-EJ,Super 98 Sans PL,TOUS SUPER ET GPL,1.929,56.78,29.43,7.0,420.4,7.26,405.4,8.71
2025-11-06 11:47,64,PARDIES,FJ-460-DW,Sans Plomb 95 E10,TOUS SUPER ET GPL,1.795,52.48,29.24,7.0,417.7,8.92,327.8,10.09
2025-11-18 08:07,64,PARDIES,FJ-460-DW,Sans Plomb 95 E10,TOUS SUPER ET GPL,1.83,58.21,31.81,7.0,454.4,8.92,356.6,10.52
2025-11-24 12:16,64,PARDIES,FJ-460-DW,Sans Plomb 95 E10,TOUS SUPER ET GPL,1.82,47.59,26.15,7.0,373.6,8.92,293.2,9.66
2025-11-18 10:09,64,AURIAC,FJ-476-DW,Super 95 Sans PL,TOUS SUPER ET GPL,1.889,73.87,39.11,7.0,558.7,8.31,470.6,9.34
2025-11-27 08:57,64,ORTHEZ,FJ-476-DW,Sans Plomb 95 E10,TOUS SUPER ET GPL,1.8,73.43,40.79,7.0,582.7,8.31,490.9,8.53
2025-11-04 10:55,64,BIDACHE,FJ-530-PP,Super 95 Sans PL,TOUS SUPER ET GPL,1.854,47.41,25.57,7.0,365.3,8.26,309.6,8.48
2025-11-07 15:58,64,BIDACHE,FJ-530-PP,Super 95 Sans PL,TOUS SUPER ET GPL,1.859,67.56,36.34,7.0,519.1,8.26,440.0,9.20
2025-11-14 09:35,64,BIDACHE,FJ-530-PP,Super 95 Sans PL,TOUS SUPER ET GPL,1.859,50.96,27.41,7.0,391.6,8.26,331.8,9.14
2025-11-07 09:04,64,BAYONNE,FM-783-RD,Diesel B10,GAZOLE,1.794,52.48,29.25,6.0,487.5,6.29,465.0,7.32
2025-11-16 20:20,64,ANGLET,FM-783-RD,Gazole Premier,GAZOLE,1.804,50.65,28.08,6.0,468.0,6.29,446.4,6.20
2025-11-13 09:24,64,ANGLET,FN-438-NJ,Gazole Premier,GAZOLE,1.794,91.54,51.03,6.0,850.5,6.43,793.6,6.92
2025-11-07 13:10,64,JURANCON,FN-630-SH,Gazole Premier,GAZOLE,1.794,73.8,41.14,6.0,685.7,7.15,575.4,8.01
2025-11-13 14:09,64,JURANCON,FN-635-SH,Gazole Premier,GAZOLE,1.794,72.71,40.53,6.0,675.5,6.45,628.4,6.14
2025-11-19 11:43,64,SALIES DE BEARN,FN-638-SH,Gazole Excellium,GAZOLE,1.879,62.71,33.37,6.0,556.2,6.94,480.8,7.38
2025-11-27 10:25,64,SALIES DE BEARN,FN-638-SH,Gazole Excellium,GAZOLE,1.829,72.55,39.67,6.0,661.2,6.94,571.6,7.81
2025-11-06 09:05,64,BAYONNE,FP-434-DH,Sans Plomb 95 E10,TOUS SUPER ET GPL,1.795,68.09,37.93,7.0,541.9,8.48,447.3,9.94
2025-11-15 16:21,40,CAPBRETON,FP-434-DH,Sans Plomb 95 E10,TOUS SUPER ET GPL,1.83,62.65,34.23,7.0,489.0,8.48,403.7,8.61
2025-11-20 09:22,64,BAYONNE,FP-434-DH,Sans Plomb 95 E10,TOUS SUPER ET GPL,1.84,69.29,37.66,7.0,538.0,8.48,444.1,8.12
2025-11-24 09:33,64,BAYONNE,FP-434-DH,Sans Plomb 95 E10,TOUS SUPER ET GPL,1.82,54.98,30.21,7.0,431.6,8.48,356.2,8.99
2025-11-28 08:18,64,BAYONNE,FP-434-DH,Sans Plomb 95 E10,TOUS SUPER ET GPL,1.8,47.34,26.3,7.0,375.7,8.48,310.1,9.54
2025-11-19 08:21,64,PAU,FQ-807-TJ,Sans Plomb 95 E10,TOUS SUPER ET GPL,1.84,48.47,26.34,7.0,376.3,7.52,350.3,8.42
2025-11-24 07:59,64,BAYONNE,FQ-807-TJ,Sans Plomb 95 E10,TOUS SUPER ET GPL,1.82,41.93,23.04,7.0,329.1,7.52,306.4,7.49
2025-11-26 17:47,64,BAYONNE,FQ-807-TJ,Sans Plomb 95 E10,TOUS SUPER ET GPL,1.81,52.52,29.02,7.0,414.6,7.52,385.9,7.57
2025-11-04 15:41,64,ST JEAN LE VIEUX,FQ-919-TJ,Super 98 Sans PL,TOUS SUPER ET GPL,1.904,55.69,29.25,7.0,417.9,8.00,365.6,8.84
2025-11-19 10:27,64,ST JEAN LE VIEUX,FQ-919-TJ,Super 98 Sans PL,TOUS SUPER ET GPL,1.949,54.53,27.98,7.0,399.7,8.00,349.8,7.81
2025-11-28 07:30,64,ST JEAN LE VIEUX,FQ-919-TJ,Super 98 Sans PL,TOUS SUPER ET GPL,1.909,60.47,31.68,7.0,452.6,8.00,396.0,7.78
2025-11-17 18:26,64,PAU,FR-105-QV,Sans Plomb 95 E10,TOUS SUPER ET GPL,1.83,64.02,34.98,7.0,499.7,8.15,429.2,9.74
2025-11-24 14:07,64,ORTHEZ,FR-105-QV,Super 98 Sans PL,TOUS SUPER ET GPL,1.929,56.96,29.53,7.0,421.9,8.15,362.3,9.74
2025-11-14 12:36,64,PAU,FR-256-YX,Gazole Premier,GAZOLE,1.794,77.68,43.3,6.0,721.7,7.33,590.7,8.49
2025-11-24 16:29,64,BAYONNE,FR-256-YX,Gazole Premier,GAZOLE,1.809,43.69,24.15,6.0,402.5,7.33,329.5,7.68
2025-11-06 17:19,12,BARAQUEVILLE,FR-273-QD,Super 95 Sans PL,TOUS SUPER ET GPL,1.854,59.16,31.91,7.0,455.9,7.72,413.3,7.99
2025-11-24 12:18,64,PAU,FR-273-QD,Super 98 Sans PL,TOUS SUPER ET GPL,1.929,65.63,34.02,7.0,486.0,7.72,440.7,7.68
2025-11-03 11:36,64,BIZANOS,FR-373-QD,Super 98 Sans PL,TOUS SUPER ET GPL,1.904,51.28,26.93,7.0,384.7,8.03,335.4,9.00
2025-11-18 09:30,64,BIZANOS,FR-373-QD,Super 98 Sans PL,TOUS SUPER ET GPL,1.939,61.27,31.6,7.0,451.4,8.03,393.5,7.99
2025-11-27 13:45,64,MONTARDON,FR-373-QD,Super 98 Sans PL,TOUS SUPER ET GPL,1.909,61.06,31.99,7.0,457.0,8.03,398.4,7.90
2025-11-20 14:08,64,ARUDY,FS-022-KA,Super 98 Sans PL,TOUS SUPER ET GPL,1.949,69.8,35.81,7.0,511.6,7.49,478.1,7.63
2025-11-07 17:55,64,LACQ,FS-057-RD,Gazole Excellium,GAZOLE,1.844,75.07,40.71,6.0,678.5,6.66,611.3,7.61
2025-11-19 19:09,64,USTARITZ,FS-057-RD,Gazole Excellium,GAZOLE,1.879,83.39,44.38,6.0,739.7,6.66,666.4,7.48
2025-11-25 14:29,64,BAYONNE,FS-057-RD,Gazole Excellium,GAZOLE,1.859,86.04,46.28,6.0,771.3,6.66,694.9,7.33
2025-11-04 09:03,64,JURANCON,FS-112-WG,Sans Plomb 95 E10,TOUS SUPER ET GPL,1.795,29.74,16.57,7.0,236.7,8.15,203.3,7.78
2025-11-19 07:02,64,ORTHEZ,FS-112-WG,Super 98 Sans PL,TOUS SUPER ET GPL,1.949,32.89,16.88,7.0,241.1,8.15,207.1,9.35
2025-11-04 07:38,64,BIZANOS,FS-305-VW,Gazole Excellium,CABINET,1.819,87.97,48.36,6.0,806.0,6.36,760.4,7.27
2025-11-10 17:44,64,BIZANOS,FS-305-VW,Gazole Excellium,CABINET,1.844,88.18,47.82,6.0,797.0,6.36,751.9,7.13
2025-11-12 11:48,64,GER,FS-305-VW,Gazole Excellium,CABINET,1.844,56.09,30.42,6.0,507.0,6.36,478.3,7.45
2025-11-18 19:18,64,BIZANOS,FS-305-VW,Gazole Excellium,CABINET,1.864,101.52,54.46,6.0,907.7,6.36,856.3,6.75
2025-11-28 17:06,64,BAYONNE,FS-305-VW,Gazole Excellium,CABINET,1.829,92.38,50.51,6.0,841.8,6.36,794.2,7.57
2025-11-27 11:42,64,ANGLET,FS-388-KA,Gazole Premier,GAZOLE,1.779,60.97,34.27,6.0,571.2,6.94,493.8,6.81
2025-11-01 11:09,64,JURANCON,FT-489-AD,Gazole Premier,CABINET,1.764,83.63,47.41,6.0,790.2,6.23,761.0,7.31
2025-11-05 13:32,64,JURANCON,FT-489-AD,Gazole Premier,CABINET,1.779,69.73,39.2,6.0,653.3,6.23,629.2,7.18
2025-11-07 13:47,64,JURANCON,FT-489-AD,Gazole Premier,CABINET,1.794,84.9,47.32,6.0,788.7,6.23,759.6,7.39
2025-11-10 09:57,64,JURANCON,FT-489-AD,Gazole Premier,CABINET,1.794,89.0,49.61,6.0,826.8,6.23,796.3,6.01
2025-11-22 08:50,40,ADOUR,FT-489-AD,Gazole Premier,CABINET,1.809,78.3,43.28,6.0,721.3,6.23,694.7,6.01
2025-11-23 16:15,40,ADOUR,FT-489-AD,Gazole Premier,CABINET,1.809,91.5,50.58,6.0,843.0,6.23,811.9,6.54
2025-11-05 16:26,64,BILLERE,FT-775-YB,Diesel B10,GAZOLE,1.779,88.51,49.75,6.0,829.2,6.12,812.9,6.81
2025-11-19 07:50,64,JURANCON,FT-775-YB,Gazole Excellium,GAZOLE,1.879,82.32,43.81,6.0,730.2,6.12,715.8,6.66
2025-11-25 12:30,64,PARDIES,FT-775-YB,Gazole Premier,GAZOLE,1.809,82.86,45.8,6.0,763.3,6.12,748.4,6.28
2025-11-27 17:17,64,BILLERE,FT-775-YB,Diesel B10,GAZOLE,1.779,51.42,28.9,6.0,481.7,6.12,472.2,7.20
2025-11-25 09:15,64,BIDACHE,FV-290-DE,Super 95 Sans PL,GAZOLE,1.879,77.15,41.06,7.0,586.6,7.43,552.6,8.51
2025-11-20 09:39,64,BIZANOS,FV-474-TR,Gazole Excellium,GAZOLE,1.879,70.2,37.36,6.0,622.7,7.17,521.1,7.18
2025-11-11 17:49,64,JURANCON,FW-091-HQ,Gazole Excellium,GAZOLE,1.844,97.03,52.62,6.0,877.0,7.49,702.5,8.24
2025-11-03 15:47,64,ST PALAIS,FW-992-EJ,Gazole Excellium,GAZOLE,1.814,58.75,32.39,6.0,539.8,7.86,412.1,9.25
2025-11-18 15:32,64,ORTHEZ,FW-992-EJ,Gazole Excellium,GAZOLE,1.864,56.03,30.06,6.0,501.0,7.86,382.4,8.63
2025-11-03 13:26,64,BIZANOS,FY-887-PX,Sans Plomb 95 E10,TOUS SUPER ET GPL,1.795,32.68,18.21,7.0,260.1,7.78,234.1,7.51
2025-11-06 11:33,64,PAU,FY-887-PX,Sans Plomb 95 E10,TOUS SUPER ET GPL,1.795,39.47,21.99,7.0,314.1,7.78,282.6,8.96
2025-11-20 17:27,64,BIZANOS,FY-887-PX,Sans Plomb 95 E10,TOUS SUPER ET GPL,1.84,65.83,35.78,7.0,511.1,7.78,459.9,8.93
2025-11-27 11:39,64,JURANCON,FY-887-PX,Sans Plomb 95 E10,TOUS SUPER ET GPL,1.8,59.74,33.19,7.0,474.1,7.78,426.6,8.70
2025-11-14 15:27,64,PAU,GA-122-NN,Gazole Premier,GAZOLE,1.794,89.22,49.73,6.0,828.8,7.13,697.5,8.42
2025-11-08 19:09,64,BIZANOS,GA-991-XQ,Gazole Excellium,GAZOLE,1.844,69.35,37.61,6.0,626.8,7.72,487.2,7.43
2025-11-15 12:40,64,IGON,GA-991-XQ,Gazole Excellium,GAZOLE,1.854,57.43,30.98,6.0,516.3,7.72,401.3,8.21
2025-11-22 16:59,64,PAU,GA-991-XQ,Gazole Excellium,GAZOLE,1.859,67.15,36.12,6.0,602.0,7.72,467.9,7.79
2025-11-28 23:39,64,BIZANOS,GA-991-XQ,Gazole Excellium,GAZOLE,1.829,54.0,29.52,6.0,492.0,7.72,382.4,8.26
2025-11-29 18:24,64,BIZANOS,GA-991-XQ,Gazole Excellium,GAZOLE,1.819,37.97,20.87,6.0,347.8,7.72,270.3,7.75
2025-11-12 11:29,40,ADOUR,GB-223-MC,Sans Plomb 95 E10,TOUS SUPER ET GPL,1.8,51.9,28.83,7.0,411.9,8.45,341.2,8.80
2025-11-14 08:08,64,JURANCON,GB-223-MC,Super 98 Sans PL,TOUS SUPER ET GPL,1.909,52.62,27.56,7.0,393.7,8.45,326.2,9.93
2025-11-20 08:00,64,AURIAC,GB-223-MC,Super 95 Sans PL,TOUS SUPER ET GPL,1.899,29.82,15.7,7.0,224.3,8.45,185.8,8.20
2025-11-21 16:05,64,PAU,GB-223-MC,Sans Plomb 95 E10,TOUS SUPER ET GPL,1.84,62.95,34.21,7.0,488.7,8.45,404.9,8.42
2025-11-28 12:16,64,PAU,GB-223-MC,Super 98 Sans PL,TOUS SUPER ET GPL,1.909,62.7,32.84,7.0,469.1,8.45,388.6,8.26
2025-11-18 15:59,64,ANGLET,GB-256-MC,Gazole Premier,GAZOLE,1.814,62.52,34.47,6.0,574.5,6.68,516.0,6.45
2025-11-25 11:30,64,GOTEIN LIBARRENX,GB-400-BJ,Super 95 Sans PL,TOUS SUPER ET GPL,1.879,65.56,34.89,7.0,498.4,7.58,460.3,8.20
2025-11-05 08:48,64,BAYONNE,GB-494-GL,Sans Plomb 95 E10,TOUS SUPER ET GPL,1.795,29.7,16.55,7.0,236.4,7.80,212.2,7.48
2025-11-12 18:35,64,BAYONNE,GB-494-GL,Sans Plomb 95 E10,TOUS SUPER ET GPL,1.8,60.79,33.77,7.0,482.4,7.80,432.9,8.92
2025-11-14 08:53,64,IRUBE,GB-494-GL,Sans Plomb 95 E10,TOUS SUPER ET GPL,1.8,21.49,11.94,7.0,170.6,7.80,153.1,7.98
2025-11-17 11:53,64,BILLERE,GB-494-GL,Sans Plomb 95 E10,TOUS SUPER ET GPL,1.83,36.85,20.14,7.0,287.7,7.80,258.2,9.27
2025-11-18 17:38,64,BAYONNE,GB-494-GL,Sans Plomb 95 E10,TOUS SUPER ET GPL,1.83,34.92,19.08,7.0,272.6,7.80,244.6,8.65
2025-11-20 15:44,64,IRUBE,GB-494-GL,Sans Plomb 95 E10,TOUS SUPER ET GPL,1.84,44.42,24.14,7.0,344.9,7.80,309.5,8.17
2025-11-26 17:14,64,SALIES DE BEARN,GB-494-GL,Super 98 Sans PL,TOUS SUPER ET GPL,1.919,65.87,34.32,7.0,490.3,7.80,440.0,9.05
2025-11-05 13:07,64,ORTHEZ,GB-495-CX,Gazole Excellium,GAZOLE,1.829,71.03,38.84,6.0,647.3,6.92,561.3,7.67
2025-11-24 11:01,64,LACQ,GB-495-CX,Gazole Excellium,GAZOLE,1.859,77.68,41.79,6.0,696.5,6.92,603.9,7.18
2025-11-03 14:15,64,LARRESSORE,GB-501-CJ,Gazole Excellium,GAZOLE,1.814,55.72,30.72,6.0,512.0,7.20,426.7,8.22
2025-11-19 08:51,64,LARRESSORE,GB-501-CJ,Gazole Premier,GAZOLE,1.829,55.0,30.07,6.0,501.2,7.20,417.6,6.95
2025-11-28 11:06,64,LARRESSORE,GB-501-CJ,Gazole Premier,GAZOLE,1.779,55.68,31.3,6.0,521.7,7.20,434.7,8.40
2025-11-14 12:21,64,IGON,GB-513-BJ,Super 95 Sans PL,TOUS SUPER ET GPL,1.859,74.0,39.81,7.0,568.7,8.77,453.9,9.53
2025-11-28 12:14,64,IGON,GB-513-BJ,Super 95 Sans PL,TOUS SUPER ET GPL,1.859,49.62,26.69,7.0,381.3,8.77,304.3,9.49
2025-11-12 17:17,64,ST PALAIS,GB-607-CJ,Gazole Premier,GAZOLE,1.794,61.62,34.35,6.0,572.5,6.09,564.0,6.61
2025-11-21 17:43,64,ST PALAIS,GB-607-CJ,Gazole Premier,GAZOLE,1.829,43.98,24.05,6.0,400.8,6.09,394.9,6.54
2025-11-21 13:20,64,PAU,GB-762-VB,Sans Plomb 95 E10,TOUS SUPER ET GPL,1.84,53.48,29.07,7.0,415.3,7.45,390.2,8.14
2025-11-27 14:32,64,PAU,GB-762-VB,Sans Plomb 95 E10,TOUS SUPER ET GPL,1.8,64.52,35.84,7.0,512.0,7.45,481.1,7.39
2025-11-06 11:07,64,IRUBE,GB-774-JP,Super 98 Sans PL,TOUS SUPER ET GPL,1.904,51.34,26.96,7.0,385.1,8.97,300.6,10.08
2025-11-12 14:13,64,ST JEAN DE LUZ,GB-774-JP,Sans Plomb 95 E10,TOUS SUPER ET GPL,1.8,37.09,20.61,7.0,294.4,8.97,229.8,9.08
2025-11-19 20:18,64,IRUBE,GB-774-JP,Super 98 Sans PL,TOUS SUPER ET GPL,1.949,57.8,29.66,7.0,423.7,8.97,330.7,9.90
2025-11-25 20:17,64,IRUBE,GB-774-JP,Super 98 Sans PL,TOUS SUPER ET GPL,1.929,45.77,23.73,7.0,339.0,8.97,264.5,10.02
2025-11-06 17:11,64,JURANCON,GB-781-JP,Sans Plomb 95 E10,TOUS SUPER ET GPL,1.795,55.19,30.75,7.0,439.3,7.66,401.4,7.41
2025-11-12 16:20,64,BAYONNE,GB-781-JP,Sans Plomb 95 E10,TOUS SUPER ET GPL,1.8,55.04,30.58,7.0,436.9,7.66,399.2,7.44
2025-11-18 19:30,64,IRUBE,GB-781-JP,Super 98 Sans PL,TOUS SUPER ET GPL,1.939,39.66,20.45,7.0,292.1,7.66,267.0,8.84
2025-11-20 18:58,64,BAYONNE,GB-781-JP,Sans Plomb 95 E10,TOUS SUPER ET GPL,1.84,28.86,15.68,7.0,224.0,7.66,204.7,9.07
2025-11-25 11:43,64,BILLERE,GB-781-JP,Sans Plomb 95 E10,TOUS SUPER ET GPL,1.82,51.2,28.13,7.0,401.9,7.66,367.2,8.79
2025-11-27 18:20,64,IRUBE,GB-781-JP,Sans Plomb 95 E10,TOUS SUPER ET GPL,1.8,49.96,27.76,7.0,396.6,7.66,362.4,8.80
2025-11-03 19:32,64,PAU,GB-784-KC,Gazole Premier,GAZOLE,1.764,67.25,38.12,6.0,635.3,7.95,479.5,8.24
2025-11-10 16:56,33,LESPARRE,GB-784-KC,Gazole Premier,GAZOLE,1.794,78.7,43.87,6.0,731.2,7.95,551.8,8.13
2025-11-16 11:49,64,BIDART,GB-784-KC,Gazole Premier,GAZOLE,1.804,65.06,36.06,6.0,601.0,7.95,453.6,8.43
2025-11-20 19:33,64,BAYONNE,GB-784-KC,Gazole Premier,GAZOLE,1.829,76.66,41.91,6.0,698.5,7.95,527.2,9.24
2025-11-28 07:57,64,BIDART,GB-784-KC,Gazole Premier,GAZOLE,1.779,67.48,37.93,6.0,632.2,7.95,477.1,9.49
2025-11-26 10:57,64,BIZANOS,GC-359-YW,Gazole Excellium,GAZOLE,1.849,83.32,45.06,6.0,751.0,7.66,588.3,8.93
2025-11-10 13:47,64,BIDART,GC-497-PM,Sans Plomb 95 E10,TOUS SUPER ET GPL,1.8,39.17,21.76,7.0,310.9,8.14,267.3,8.57
2025-11-14 14:16,64,ANGLET,GC-497-PM,Sans Plomb 95 E10,TOUS SUPER ET GPL,1.8,70.96,39.42,7.0,563.1,8.14,484.3,8.67
2025-11-24 12:10,64,ANGLET,GC-497-PM,Sans Plomb 95 E10,TOUS SUPER ET GPL,1.82,67.74,37.22,7.0,531.7,8.14,457.2,9.65
2025-11-28 14:23,64,BAYONNE,GC-497-PM,Sans Plomb 95 E10,TOUS SUPER ET GPL,1.8,70.19,38.99,7.0,557.0,8.14,479.0,7.96
2025-11-11 15:59,64,BAYONNE,GD-321-XL,Sans Plomb 95 E10,CABINET,1.8,92.14,51.19,7.0,731.3,8.84,579.1,10.08
2025-11-12 15:15,81,ALBI,GD-321-XL,Super 98 Sans PL,CABINET,1.909,83.99,44.0,7.0,628.6,8.84,497.7,10.44
2025-11-14 08:58,81,ALBI,GD-321-XL,Super 98 Sans PL,CABINET,1.909,30.88,16.18,7.0,231.1,8.84,183.0,10.38
2025-11-16 18:07,64,BIARRITZ,GD-321-XL,Super 98 Sans PL,CABINET,1.939,80.88,41.71,7.0,595.9,8.84,471.8,8.75
2025-11-20 18:27,64,BIDACHE,GD-321-XL,Super 95 Sans PL,CABINET,1.899,70.72,37.24,7.0,532.0,8.84,421.3,9.27
2025-11-26 17:56,64,BIDACHE,GD-321-XL,Super 95 Sans PL,CABINET,1.869,80.7,43.18,7.0,616.9,8.84,488.5,10.53
2025-11-30 17:27,64,BIARRITZ,GD-321-XL,Super 98 Sans PL,CABINET,1.909,98.45,51.57,7.0,736.7,8.84,583.4,9.22
2025-11-05 11:15,64,BAYONNE,GD-353-XL,Gazole Premier,CABINET,1.779,53.14,29.87,6.0,497.8,7.14,418.3,8.54
2025-11-07 11:46,64,PAU,GD-353-XL,Gazole Premier,CABINET,1.794,39.71,22.13,6.0,368.8,7.14,309.9,8.41
2025-11-14 09:11,64,JURANCON,GD-353-XL,Gazole Premier,CABINET,1.794,84.97,47.36,6.0,789.3,7.14,663.3,7.50
2025-11-18 10:20,64,PAU,GD-353-XL,Gazole Premier,CABINET,1.814,69.16,38.13,6.0,635.5,7.14,534.0,7.03
2025-11-25 21:01,64,ANGLET,GD-353-XL,Gazole Premier,CABINET,1.809,54.52,30.14,6.0,502.3,7.14,422.1,7.77
2025-11-19 15:23,64,PAU,GF-621-BY,Gazole Excellium,GAZOLE,1.879,92.21,49.07,6.0,817.8,7.05,696.0,7.83
2025-11-13 15:53,64,BAYONNE,GF-980-GD,Gazole Premier,GAZOLE,1.794,31.97,17.82,6.0,297.0,6.56,271.6,6.94
2025-11-18 12:11,79,VOUILLE,GF-980-GD,Gazole Premier,GAZOLE,1.814,49.56,27.32,6.0,455.3,6.56,416.5,7.35
2025-11-25 10:01,64,USTARITZ,GF-980-GD,Gazole Premier,GAZOLE,1.809,60.67,33.54,6.0,559.0,6.56,511.3,6.93
2025-11-27 17:47,83,TOULON,GF-980-GD,Diesel B10,GAZOLE,1.779,70.42,39.58,6.0,659.7,6.56,603.4,7.23
2025-11-06 07:12,64,PARDIES,GL-959-EH,Gazole Premier,GAZOLE,1.784,79.34,44.47,6.0,741.2,6.98,637.1,7.05
2025-11-12 12:45,64,JURANCON,GL-959-EH,Gazole Excellium,GAZOLE,1.844,75.19,40.78,6.0,679.7,6.98,584.2,7.83
2025-11-17 15:09,64,JURANCON,GL-959-EH,Gazole Premier,GAZOLE,1.804,61.75,34.23,6.0,570.5,6.98,490.4,8.04
2025-11-22 10:16,40,DAX,GL-959-EH,Gazole Excellium,GAZOLE,1.859,78.48,42.22,6.0,703.7,6.98,604.9,7.19
2025-11-27 18:16,64,PARDIES,GL-959-EH,Gazole Premier,GAZOLE,1.779,75.71,42.56,6.0,709.3,6.98,609.7,7.71
2025-11-04 17:01,64,JURANCON,GM-673-YD,Super 98 Sans PL,TOUS SUPER ET GPL,1.904,53.54,28.12,7.0,401.7,8.14,345.5,9.56
2025-11-07 20:34,64,BILLERE,GM-673-YD,Super 98 Sans PL,TOUS SUPER ET GPL,1.909,52.5,27.5,7.0,392.9,8.14,337.8,9.13
2025-11-17 18:16,64,BIZANOS,GM-673-YD,Super 98 Sans PL,TOUS SUPER ET GPL,1.939,60.5,31.2,7.0,445.7,8.14,383.3,8.82
2025-11-20 14:11,64,BILLERE,GM-673-YD,Super 98 Sans PL,TOUS SUPER ET GPL,1.949,68.87,35.34,7.0,504.9,8.14,434.2,7.79
2025-11-25 14:12,64,JURANCON,GM-673-YD,Super 98 Sans PL,TOUS SUPER ET GPL,1.929,68.75,35.64,7.0,509.1,8.14,437.8,7.97
2025-11-07 13:57,64,SALIES DE BEARN,GN-064-EN,Sans Plomb 95 E10,TOUS SUPER ET GPL,1.8,54.07,30.04,7.0,429.1,8.38,358.5,8.95
2025-11-18 17:53,64,SALIES DE BEARN,GN-064-EN,Sans Plomb 95 E10,TOUS SUPER ET GPL,1.83,73.33,40.07,7.0,572.4,8.38,478.2,8.71
2025-11-26 18:45,64,SALIES DE BEARN,GN-064-EN,Sans Plomb 95 E10,TOUS SUPER ET GPL,1.81,64.18,35.46,7.0,506.6,8.38,423.2,7.98
2025-11-18 08:23,64,JURANCON,GN-074-EN,Sans Plomb 95 E10,TOUS SUPER ET GPL,1.83,76.21,41.64,7.0,594.9,7.39,563.5,7.06
2025-11-27 07:58,64,BIZANOS,GN-074-EN,Sans Plomb 95 E10,TOUS SUPER ET GPL,1.8,67.08,37.27,7.0,532.4,7.39,504.3,7.58
2025-11-07 09:11,64,BIZANOS,GN-135-EN,Sans Plomb 95 E10,TOUS SUPER ET GPL,1.8,82.4,45.78,7.0,654.0,7.46,613.7,7.61
2025-11-18 16:06,64,BIZANOS,GN-135-EN,Sans Plomb 95 E10,TOUS SUPER ET GPL,1.83,87.14,47.62,7.0,680.3,7.46,638.3,7.75
2025-11-07 08:02,64,NOUSTY,GN-137-EN,Super 98 Sans PL,TOUS SUPER ET GPL,1.909,72.31,37.88,7.0,541.1,8.50,445.6,9.49
2025-11-19 18:51,64,BIZANOS,GN-137-EN,Super 98 Sans PL,TOUS SUPER ET GPL,1.949,85.72,43.98,7.0,628.3,8.50,517.4,8.28
2025-11-28 09:09,64,BIZANOS,GN-137-EN,Super 98 Sans PL,TOUS SUPER ET GPL,1.909,79.94,41.88,7.0,598.3,8.50,492.7,9.01
2025-11-06 13:06,64,SALIES DE BEARN,GN-143-EN,Sans Plomb 95 E10,TOUS SUPER ET GPL,1.795,59.4,33.09,7.0,472.7,7.70,429.7,7.68
2025-11-21 11:02,64,SALIES DE BEARN,GN-143-EN,Super 98 Sans PL,TOUS SUPER ET GPL,1.949,64.06,32.87,7.0,469.6,7.70,426.9,9.12
2025-11-07 12:20,64,LARUNS,GN-159-AV,Super 98 Sans PL,TOUS SUPER ET GPL,1.909,81.31,42.59,7.0,608.4,7.19,592.4,7.57
2025-11-03 17:34,64,ARUDY,GN-164-EN,Super 98 Sans PL,TOUS SUPER ET GPL,1.904,74.83,39.3,7.0,561.4,7.94,495.0,9.45
2025-11-13 14:47,64,JURANCON,GN-164-EN,Super 98 Sans PL,TOUS SUPER ET GPL,1.909,82.98,43.47,7.0,621.0,7.94,547.5,9.27
2025-11-20 07:19,64,OLORON STE MARIE,GN-164-EN,Sans Plomb 95 E10,TOUS SUPER ET GPL,1.84,70.63,38.39,7.0,548.4,7.94,483.5,7.75
2025-11-27 08:19,64,JURANCON,GN-164-EN,Super 98 Sans PL,TOUS SUPER ET GPL,1.909,73.5,38.5,7.0,550.0,7.94,484.9,9.30
2025-11-06 21:59,64,BAYONNE,GN-193-AV,Sans Plomb 95 E10,TOUS SUPER ET GPL,1.795,55.61,30.98,7.0,442.6,8.17,379.2,8.49
2025-11-20 15:02,64,IRUBE,GN-193-AV,Super 98 Sans PL,TOUS SUPER ET GPL,1.949,41.56,21.32,7.0,304.6,8.17,261.0,8.74
2025-11-21 19:46,64,IRUBE,GN-193-AV,Super 98 Sans PL,TOUS SUPER ET GPL,1.949,68.22,35.0,7.0,500.0,8.17,428.4,8.15
2025-11-25 07:39,64,ST PALAIS,GN-193-AV,Sans Plomb 95 E10,TOUS SUPER ET GPL,1.82,32.3,17.75,7.0,253.6,8.17,217.3,9.04
2025-11-07 08:35,64,BAYONNE,GN-198-AV,Sans Plomb 95 E10,TOUS SUPER ET GPL,1.8,74.59,41.44,7.0,592.0,7.27,570.0,8.68
2025-11-24 14:51,64,BAYONNE,GN-198-AV,Sans Plomb 95 E10,TOUS SUPER ET GPL,1.82,81.94,45.02,7.0,643.1,7.27,619.3,8.02
2025-11-04 07:52,64,BIZANOS,GN-206-AV,Super 98 Sans PL,TOUS SUPER ET GPL,1.904,72.47,38.06,7.0,543.7,8.14,467.6,9.31
2025-11-19 08:29,64,JURANCON,GN-206-AV,Super 98 Sans PL,TOUS SUPER ET GPL,1.949,86.93,44.6,7.0,637.1,8.14,547.9,8.71
2025-11-26 10:19,64,NOUSTY,GN-222-AV,Super 98 Sans PL,TOUS SUPER ET GPL,1.919,79.3,41.32,7.0,590.3,8.07,512.0,8.63
2025-11-05 13:14,64,ST JEAN DE LUZ,GN-249-KQ,Sans Plomb 95 E10,TOUS SUPER ET GPL,1.795,69.49,38.71,7.0,553.0,7.15,541.4,7.77
2025-11-25 19:35,64,JURANCON,GN-436-DB,Sans Plomb 95 E10,TOUS SUPER ET GPL,1.82,62.41,34.29,7.0,489.9,8.06,425.4,8.02
2025-11-06 18:27,64,BILLERE,GN-604-LB,Super 98 Sans PL,TOUS SUPER ET GPL,1.904,52.22,27.43,7.0,391.9,8.97,305.8,8.69
2025-11-12 14:22,64,BIZANOS,GN-604-LB,Sans Plomb 95 E10,TOUS SUPER ET GPL,1.8,52.82,29.34,7.0,419.1,8.97,327.1,9.87
2025-11-18 18:11,64,JURANCON,GN-604-LB,Sans Plomb 95 E10,TOUS SUPER ET GPL,1.83,59.89,32.73,7.0,467.6,8.97,364.9,8.54
2025-11-28 12:35,32,MIRANDE,GN-604-LB,Super 95 Sans PL,TOUS SUPER ET GPL,1.859,57.34,30.84,7.0,440.6,8.97,343.8,10.44
2025-11-05 19:05,40,HAGETMAU,GN-620-LB,Sans Plomb 95 E10,TOUS SUPER ET GPL,1.795,76.94,42.86,7.0,612.3,7.27,589.5,8.58
2025-11-17 09:00,64,IGON,GN-620-LB,Super 95 Sans PL,TOUS SUPER ET GPL,1.889,90.4,47.86,7.0,683.7,7.27,658.3,7.19
2025-11-21 19:14,40,HAGETMAU,GN-620-LB,Sans Plomb 95 E10,TOUS SUPER ET GPL,1.84,70.66,38.4,7.0,548.6,7.27,528.2,8.28
2025-11-05 15:53,64,USTARITZ,GN-622-LB,Super 95 Sans PL,TOUS SUPER ET GPL,1.854,39.05,21.06,7.0,300.9,8.97,234.8,9.23
2025-11-20 16:05,64,USTARITZ,GN-622-LB,Super 95 Sans PL,TOUS SUPER ET GPL,1.899,50.39,26.53,7.0,379.0,8.97,295.8,8.95
2025-11-03 18:25,64,BAYONNE,GN-923-DG,Sans Plomb 95 E10,TOUS SUPER ET GPL,1.795,80.56,44.88,7.0,641.1,7.23,620.7,7.03
2025-11-07 17:22,64,JURANCON,GN-923-DG,Sans Plomb 95 E10,TOUS SUPER ET GPL,1.8,73.08,40.6,7.0,580.0,7.23,561.5,7.24
2025-11-19 17:18,64,PAU,GN-923-DG,Sans Plomb 95 E10,TOUS SUPER ET GPL,1.84,83.99,45.65,7.0,652.1,7.23,631.4,6.97
2025-11-26 17:05,64,BAYONNE,GN-923-DG,Sans Plomb 95 E10,TOUS SUPER ET GPL,1.81,69.36,38.32,7.0,547.4,7.23,530.0,7.67
2025-11-13 11:45,64,PAU,GN-927-DG,Sans Plomb 95 E10,TOUS SUPER ET GPL,1.8,66.35,36.86,7.0,526.6,7.35,501.5,7.77
2025-11-25 15:59,64,LACQ,GN-927-DG,Sans Plomb 95 E10,TOUS SUPER ET GPL,1.82,51.16,28.11,7.0,401.6,7.35,382.4,7.11
2025-11-07 19:02,64,BAYONNE,GN-928-FM,Sans Plomb 95 E10,TOUS SUPER ET GPL,1.8,67.15,37.31,7.0,533.0,8.96,416.4,10.25
2025-11-13 19:43,64,IRUBE,GN-928-FM,Super 98 Sans PL,TOUS SUPER ET GPL,1.909,54.59,28.6,7.0,408.6,8.96,319.2,9.53
2025-11-21 13:16,64,ORTHEZ,GN-928-FM,Super 98 Sans PL,TOUS SUPER ET GPL,1.949,84.58,43.4,7.0,620.0,8.96,484.4,9.77
2025-11-28 13:10,64,BAYONNE,GN-928-FM,Sans Plomb 95 E10,TOUS SUPER ET GPL,1.8,87.4,48.56,7.0,693.7,8.96,542.0,9.81
2025-11-04 08:21,64,ST JEAN LE VIEUX,GN-964-DG,Super 98 Sans PL,TOUS SUPER ET GPL,1.904,83.95,44.09,7.0,629.9,8.87,497.1,9.23
2025-11-07 12:53,64,ST JEAN LE VIEUX,GN-964-DG,Super 98 Sans PL,TOUS SUPER ET GPL,1.909,64.33,33.7,7.0,481.4,8.87,379.9,10.00
2025-11-17 20:18,64,SALIES DE BEARN,GN-964-DG,Super 98 Sans PL,TOUS SUPER ET GPL,1.939,93.89,48.42,7.0,691.7,8.87,545.9,10.05
2025-11-06 13:02,64,PAU,GN-974-DG,Sans Plomb 95 E10,TOUS SUPER ET GPL,1.795,59.02,32.88,7.0,469.7,7.88,417.3,7.70
2025-11-14 08:20,64,PAU,GN-974-DG,Sans Plomb 95 E10,TOUS SUPER ET GPL,1.8,73.36,40.76,7.0,582.3,7.88,517.3,8.17
2025-11-24 08:19,64,PAU,GN-974-DG,Sans Plomb 95 E10,TOUS SUPER ET GPL,1.82,83.46,45.86,7.0,655.1,7.88,582.0,9.09
2025-11-17 11:16,64,JURANCON,GN-992-DG,Super 98 Sans PL,TOUS SUPER ET GPL,1.939,53.78,27.74,7.0,396.3,8.59,322.9,9.05
2025-11-19 16:10,64,BILLERE,GN-992-DG,Super 98 Sans PL,TOUS SUPER ET GPL,1.949,59.39,30.47,7.0,435.3,8.59,354.7,9.38
2025-11-24 16:42,64,PARDIES,GN-992-DG,Super 98 Sans PL,TOUS SUPER ET GPL,1.929,50.52,26.19,7.0,374.1,8.59,304.9,9.32
2025-11-27 17:47,64,OLORON STE MARIE,GN-992-DG,Super 98 Sans PL,TOUS SUPER ET GPL,1.909,49.68,26.02,7.0,371.7,8.59,302.9,9.19
2025-11-04 13:07,64,BAYONNE,GP-194-NZ,Super 98 Sans PL,TOUS SUPER ET GPL,1.904,77.45,40.68,7.0,581.1,8.72,466.5,10.46
2025-11-11 11:59,40,CAPBRETON,GP-194-NZ,Super 98 Sans PL,TOUS SUPER ET GPL,1.909,78.05,40.89,7.0,584.1,8.72,468.9,9.17
2025-11-18 13:23,64,PAU,GP-194-NZ,Super 98 Sans PL,TOUS SUPER ET GPL,1.939,77.8,40.12,7.0,573.1,8.72,460.1,8.78
2025-11-21 12:51,64,BIZANOS,GP-194-NZ,Super 98 Sans PL,TOUS SUPER ET GPL,1.949,71.65,36.76,7.0,525.1,8.72,421.6,10.22
2025-11-26 09:25,40,CAPBRETON,GP-194-NZ,Super 98 Sans PL,TOUS SUPER ET GPL,1.919,80.38,41.89,7.0,598.4,8.72,480.4,9.67
2025-11-28 23:58,64,BAYONNE,GP-284-NZ,Sans Plomb 95 E10,TOUS SUPER ET GPL,1.8,64.03,35.57,7.0,508.1,7.54,471.8,7.92
2025-11-03 19:49,64,IRUBE,GP-306-NZ,Sans Plomb 95 E10,TOUS SUPER ET GPL,1.795,52.27,29.12,7.0,416.0,7.59,383.7,8.90
2025-11-07 20:50,64,IRUBE,GP-306-NZ,Super 98 Sans PL,TOUS SUPER ET GPL,1.909,39.96,20.93,7.0,299.0,7.59,275.8,7.58
2025-11-14 07:58,64,BAYONNE,GP-306-NZ,Sans Plomb 95 E10,TOUS SUPER ET GPL,1.8,48.02,26.68,7.0,381.1,7.59,351.5,8.52
2025-11-19 12:19,64,PAU,GP-306-NZ,Sans Plomb 95 E10,TOUS SUPER ET GPL,1.84,40.79,22.17,7.0,316.7,7.59,292.1,7.76
2025-11-21 18:31,64,BAYONNE,GP-306-NZ,Sans Plomb 95 E10,TOUS SUPER ET GPL,1.84,28.93,15.72,7.0,224.6,7.59,207.1,7.22
2025-11-27 13:04,64,PAU,GP-306-NZ,Sans Plomb 95 E10,TOUS SUPER ET GPL,1.8,52.92,29.4,7.0,420.0,7.59,387.4,7.29
2025-11-21 15:45,64,PAU,GP-325-NZ,Sans Plomb 95 E10,TOUS SUPER ET GPL,1.84,67.92,36.91,7.0,527.3,8.66,426.2,9.58
2025-11-05 11:44,64,IRUBE,GP-329-NZ,Sans Plomb 95 E10,TOUS SUPER ET GPL,1.795,66.29,36.93,7.0,527.6,8.38,440.7,8.72
2025-11-25 11:52,64,BAYONNE,GP-329-NZ,Sans Plomb 95 E10,TOUS SUPER ET GPL,1.82,62.38,34.27,7.0,489.6,8.38,408.9,9.31
2025-11-06 17:58,64,ORTHEZ,GP-342-NZ,Super 98 Sans PL,TOUS SUPER ET GPL,1.904,75.02,39.4,7.0,562.9,7.22,545.7,7.82
2025-11-14 13:34,64,PARDIES,GP-342-NZ,Sans Plomb 95 E10,TOUS SUPER ET GPL,1.8,62.84,34.91,7.0,498.7,7.22,483.5,8.29
2025-11-19 15:35,64,LACQ,GP-342-NZ,Super 98 Sans PL,TOUS SUPER ET GPL,1.949,63.52,32.59,7.0,465.6,7.22,451.4,8.41
2025-11-24 12:40,64,ORTHEZ,GP-342-NZ,Super 98 Sans PL,TOUS SUPER ET GPL,1.929,52.4,27.16,7.0,388.0,7.22,376.2,7.68
2025-11-28 17:07,64,LACQ,GP-342-NZ,Super 98 Sans PL,TOUS SUPER ET GPL,1.909,67.54,35.38,7.0,505.4,7.22,490.0,7.46
2025-11-27 12:08,64,BAYONNE,GP-443-NZ,Sans Plomb 95 E10,TOUS SUPER ET GPL,1.8,52.33,29.07,7.0,415.3,7.71,377.0,7.56
2025-11-04 14:25,64,PAU,GP-453-NZ,Sans Plomb 95 E10,TOUS SUPER ET GPL,1.795,44.5,24.79,7.0,354.1,8.34,297.2,8.97
2025-11-21 19:37,64,BILLERE,GP-453-NZ,Sans Plomb 95 E10,TOUS SUPER ET GPL,1.84,46.03,25.02,7.0,357.4,8.34,300.0,8.65
2025-11-26 12:05,64,BILLERE,GP-453-NZ,Super 98 Sans PL,TOUS SUPER ET GPL,1.919,20.94,10.91,7.0,155.9,8.34,130.8,9.49
2025-11-21 07:04,64,TARDETS,GP-463-NZ,Super 98 Sans PL,TOUS SUPER ET GPL,1.949,76.49,39.25,7.0,560.7,7.08,554.4,8.47
2025-11-05 13:40,64,ST PALAIS,GP-479-NZ,Super 98 Sans PL,TOUS SUPER ET GPL,1.904,70.37,36.96,7.0,528.0,7.16,516.2,7.59
2025-11-19 17:55,64,PAU,GP-479-NZ,Super 98 Sans PL,TOUS SUPER ET GPL,1.949,75.85,38.92,7.0,556.0,7.16,543.6,6.97
2025-11-25 09:27,64,ST PALAIS,GP-479-NZ,Super 98 Sans PL,TOUS SUPER ET GPL,1.929,63.8,33.07,7.0,472.4,7.16,461.9,7.83
2025-11-13 17:34,64,JURANCON,GP-485-NZ,Sans Plomb 95 E10,TOUS SUPER ET GPL,1.8,64.73,35.96,7.0,513.7,7.45,482.7,7.72
2025-11-24 17:01,64,OLORON STE MARIE,GP-485-NZ,Sans Plomb 95 E10,TOUS SUPER ET GPL,1.82,71.08,39.05,7.0,557.9,7.45,524.2,8.51
2025-11-12 10:36,64,IGON,GP-498-NZ,Super 95 Sans PL,TOUS SUPER ET GPL,1.859,65.71,35.35,7.0,505.0,7.03,502.8,8.14
2025-11-20 15:40,64,IGON,GP-498-NZ,Super 95 Sans PL,TOUS SUPER ET GPL,1.899,73.48,38.69,7.0,552.7,7.03,550.4,8.16
2025-11-28 10:25,64,IGON,GP-498-NZ,Super 95 Sans PL,TOUS SUPER ET GPL,1.859,61.48,33.07,7.0,472.4,7.03,470.4,7.35
2025-11-05 13:23,64,OLORON STE MARIE,GP-505-NZ,Sans Plomb 95 E10,TOUS SUPER ET GPL,1.795,44.88,25.0,7.0,357.1,7.09,352.6,7.32
2025-11-06 15:51,64,BAYONNE,GP-505-NZ,Sans Plomb 95 E10,TOUS SUPER ET GPL,1.795,16.66,9.28,7.0,132.6,7.09,130.9,7.32
2025-11-18 16:16,64,ANGLET,GP-505-NZ,Super 98 Sans PL,TOUS SUPER ET GPL,1.939,38.53,19.87,7.0,283.9,7.09,280.3,7.23
2025-11-24 16:12,64,USTARITZ,GP-505-NZ,Super 95 Sans PL,TOUS SUPER ET GPL,1.879,50.24,26.74,7.0,382.0,7.09,377.2,7.40
2025-11-26 16:54,64,BAYONNE,GP-505-NZ,Sans Plomb 95 E10,TOUS SUPER ET GPL,1.81,54.88,30.32,7.0,433.1,7.09,427.6,7.99
2025-11-06 21:05,40,TARTAS,GP-520-NZ,Sans Plomb 95 E10,TOUS SUPER ET GPL,1.795,65.33,36.4,7.0,520.0,8.76,415.5,8.68
2025-11-19 18:02,40,TARTAS,GP-520-NZ,Sans Plomb 95 E10,TOUS SUPER ET GPL,1.84,59.16,32.15,7.0,459.3,8.76,367.0,10.14
2025-11-25 07:16,40,TARTAS,GP-520-NZ,Sans Plomb 95 E10,TOUS SUPER ET GPL,1.82,63.3,34.78,7.0,496.9,8.76,397.0,9.36
2025-11-14 09:30,64,BILLERE,GP-527-NZ,Sans Plomb 95 E10,TOUS SUPER ET GPL,1.8,63.48,35.27,7.0,503.9,7.10,496.8,7.36
2025-11-06 13:04,64,PAU,GP-530-NZ,Sans Plomb 95 E10,TOUS SUPER ET GPL,1.795,38.45,21.42,7.0,306.0,8.12,263.8,7.93
2025-11-17 13:25,64,BAYONNE,GP-530-NZ,Sans Plomb 95 E10,TOUS SUPER ET GPL,1.83,42.53,23.24,7.0,332.0,8.12,286.2,8.73
2025-11-27 13:46,64,PAU,GP-530-NZ,Sans Plomb 95 E10,TOUS SUPER ET GPL,1.8,51.18,28.43,7.0,406.1,8.12,350.1,8.43
2025-11-18 13:06,64,PAU,GP-888-FZ,Gazole Excellium,GAZOLE,1.864,47.08,25.26,6.0,421.0,6.87,367.7,7.45
2025-11-27 11:22,64,PAU,GP-888-FZ,Diesel B10,GAZOLE,1.779,37.9,21.3,6.0,355.0,6.87,310.0,7.70
2025-11-21 17:48,64,IRUBE,GP-940-AQ,Sans Plomb 95 E10,TOUS SUPER ET GPL,1.84,76.49,41.57,7.0,593.9,8.02,518.3,8.50
2025-11-12 12:19,64,ST JEAN LE VIEUX,GQ-096-RY,Sans Plomb 95 E10,TOUS SUPER ET GPL,1.8,40.48,22.49,7.0,321.3,8.60,261.5,9.10
2025-11-03 16:15,64,OLORON STE MARIE,GQ-842-SZ,Sans Plomb 95 E10,TOUS SUPER ET GPL,1.795,39.77,22.16,7.0,316.6,7.26,305.2,8.34
2025-11-13 18:24,64,OLORON STE MARIE,GQ-842-SZ,Sans Plomb 95 E10,TOUS SUPER ET GPL,1.8,43.37,24.09,7.0,344.1,7.26,331.8,7.49
2025-11-21 14:49,64,OLORON STE MARIE,GQ-842-SZ,Sans Plomb 95 E10,TOUS SUPER ET GPL,1.84,40.02,21.75,7.0,310.7,7.26,299.6,6.94
2025-11-05 19:28,64,SALIES DE BEARN,GQ-905-KA,Sans Plomb 95 E10,TOUS SUPER ET GPL,1.795,78.62,43.8,7.0,625.7,8.87,493.8,9.75
2025-11-18 16:47,64,OLORON STE MARIE,GQ-905-KA,Sans Plomb 95 E10,TOUS SUPER ET GPL,1.83,69.58,38.02,7.0,543.1,8.87,428.6,9.98
2025-11-25 18:46,64,BILLERE,GQ-905-KA,Sans Plomb 95 E10,TOUS SUPER ET GPL,1.82,65.59,36.04,7.0,514.9,8.87,406.3,9.86
2025-11-03 18:58,64,BILLERE,GT-761-KC,Sans Plomb 95 E10,TOUS SUPER ET GPL,1.795,37.08,20.66,7.0,295.1,8.06,256.3,9.40
2025-11-04 18:20,64,BILLERE,GT-761-KC,Sans Plomb 95 E10,TOUS SUPER ET GPL,1.795,29.38,16.37,7.0,233.9,8.06,203.1,8.01
2025-11-05 07:55,33,LORMONT,GT-761-KC,Sans Plomb 95 E10,TOUS SUPER ET GPL,1.795,33.46,18.64,7.0,266.3,8.06,231.3,8.50
2025-11-05 18:28,33,PODENSAC,GT-761-KC,Sans Plomb 95 E10,TOUS SUPER ET GPL,1.795,42.92,23.91,7.0,341.6,8.06,296.7,9.06
2025-11-06 19:07,64,PAU,GT-761-KC,Sans Plomb 95 E10,TOUS SUPER ET GPL,1.795,27.1,15.1,7.0,215.7,8.06,187.3,8.06
2025-11-07 15:53,33,LORMONT,GT-761-KC,Sans Plomb 95 E10,TOUS SUPER ET GPL,1.8,31.49,17.49,7.0,249.9,8.06,217.0,9.20
2025-11-10 16:55,17,TONNAY CHARENTE,GT-761-KC,Sans Plomb 95 E10,TOUS SUPER ET GPL,1.8,49.22,27.34,7.0,390.6,8.06,339.2,9.58
2025-11-11 18:08,33,PODENSAC,GT-761-KC,Sans Plomb 95 E10,TOUS SUPER ET GPL,1.8,37.5,20.83,7.0,297.6,8.06,258.4,8.83
2025-11-17 19:06,64,BILLERE,GT-761-KC,Sans Plomb 95 E10,TOUS SUPER ET GPL,1.83,30.12,16.46,7.0,235.1,8.06,204.2,8.64
2025-11-19 18:34,64,IRUBE,GT-761-KC,Sans Plomb 95 E10,TOUS SUPER ET GPL,1.84,40.28,21.89,7.0,312.7,8.06,271.6,9.11
2025-11-22 14:23,64,PAU,GT-761-KC,Sans Plomb 95 E10,TOUS SUPER ET GPL,1.82,37.39,20.54,7.0,293.4,8.06,254.8,9.53
2025-11-29 19:01,64,BIDART,GT-761-KC,Sans Plomb 95 E10,TOUS SUPER ET GPL,1.8,44.32,24.62,7.0,351.7,8.06,305.5,9.06
2025-11-14 17:22,64,ANGLET,GX-003-RN,Super 98 Sans PL,TOUS SUPER ET GPL,1.909,74.63,39.09,7.0,558.4,8.19,477.3,8.71
2025-11-24 18:47,64,BIARRITZ,GX-003-RN,Super 98 Sans PL,TOUS SUPER ET GPL,1.929,68.62,35.57,7.0,508.1,8.19,434.3,9.04
2025-11-26 08:44,32,LAAS,GX-003-RN,Super 95 Sans PL,TOUS SUPER ET GPL,1.869,55.9,29.91,7.0,427.3,8.19,365.2,9.60
2025-11-05 18:36,64,BIZANOS,GX-009-RN,Super 98 Sans PL,TOUS SUPER ET GPL,1.904,55.06,28.92,7.0,413.1,7.71,375.1,7.92
2025-11-06 15:13,64,BAYONNE,GX-009-RN,Sans Plomb 95 E10,TOUS SUPER ET GPL,1.795,18.9,10.53,7.0,150.4,7.71,136.6,7.41
2025-11-13 14:23,64,PARDIES,GX-009-RN,Super 98 Sans PL,TOUS SUPER ET GPL,1.909,33.56,17.58,7.0,251.1,7.71,228.0,8.44
2025-11-19 12:47,64,SALIES DE BEARN,GX-009-RN,Super 98 Sans PL,TOUS SUPER ET GPL,1.949,77.4,39.71,7.0,567.3,7.71,515.0,8.81
2025-11-20 14:22,64,PAU,GX-009-RN,Super 98 Sans PL,TOUS SUPER ET GPL,1.949,39.0,20.01,7.0,285.9,7.71,259.5,9.15
2025-11-21 19:22,64,BILLERE,GX-009-RN,Super 98 Sans PL,TOUS SUPER ET GPL,1.949,38.39,19.7,7.0,281.4,7.71,255.5,9.01
2025-11-27 06:55,64,OLORON STE MARIE,GX-009-RN,Sans Plomb 95 E10,TOUS SUPER ET GPL,1.8,41.27,22.93,7.0,327.6,7.71,297.4,8.05
2025-11-06 12:22,64,OLORON STE MARIE,GX-015-RN,Super 98 Sans PL,TOUS SUPER ET GPL,1.904,45.62,23.96,7.0,342.3,8.59,278.9,9.35
2025-11-17 13:32,64,OLORON STE MARIE,GX-015-RN,Sans Plomb 95 E10,TOUS SUPER ET GPL,1.83,38.53,21.05,7.0,300.7,8.59,245.1,9.86
2025-11-19 18:29,64,OLORON STE MARIE,GX-015-RN,Sans Plomb 95 E10,TOUS SUPER ET GPL,1.84,32.15,17.47,7.0,249.6,8.59,203.4,9.47
2025-11-03 18:52,64,BILLERE,GX-018-RN,Sans Plomb 95 E10,TOUS SUPER ET GPL,1.795,43.3,24.12,7.0,344.6,8.86,272.2,9.31
2025-11-12 12:37,64,PAU,GX-018-RN,Sans Plomb 95 E10,TOUS SUPER ET GPL,1.8,50.36,27.98,7.0,399.7,8.86,315.8,8.89
2025-11-19 08:20,64,PAU,GX-018-RN,Sans Plomb 95 E10,TOUS SUPER ET GPL,1.84,61.42,33.38,7.0,476.9,8.86,376.7,9.61
2025-11-26 10:47,64,PAU,GX-018-RN,Sans Plomb 95 E10,TOUS SUPER ET GPL,1.81,58.3,32.21,7.0,460.1,8.86,363.5,9.62
2025-11-06 19:26,64,IRUBE,GX-019-RN,Sans Plomb 95 E10,TOUS SUPER ET GPL,1.795,48.54,27.04,7.0,386.3,7.85,344.5,8.42
2025-11-24 16:51,64,USTARITZ,GX-019-RN,Super 95 Sans PL,TOUS SUPER ET GPL,1.879,25.68,13.67,7.0,195.3,7.85,174.1,7.52
2025-11-24 08:02,64,URRUGNE,GX-028-RN,Sans Plomb 95 E10,TOUS SUPER ET GPL,1.82,53.68,29.49,7.0,421.3,8.78,335.9,10.44
2025-11-20 15:15,64,LARRESSORE,GX-035-RN,Super 98 Sans PL,TOUS SUPER ET GPL,1.949,48.62,24.95,7.0,356.4,8.65,288.4,9.91
2025-11-04 16:02,64,BIDART,GX-549-XZ,Sans Plomb 95 E10,TOUS SUPER ET GPL,1.795,53.64,29.88,7.0,426.9,8.18,365.3,9.19
2025-11-21 16:40,64,BIDART,GX-549-XZ,Sans Plomb 95 E10,TOUS SUPER ET GPL,1.84,46.45,25.24,7.0,360.6,8.18,308.6,8.28
2025-11-25 10:42,64,ST JEAN DE LUZ,GX-549-XZ,Sans Plomb 95 E10,TOUS SUPER ET GPL,1.82,21.32,11.71,7.0,167.3,8.18,143.2,8.03
2025-11-25 18:00,64,BIDART,GX-549-XZ,Sans Plomb 95 E10,TOUS SUPER ET GPL,1.82,44.63,24.52,7.0,350.3,8.18,299.8,8.93
2025-11-28 10:51,64,ST JEAN DE LUZ,GX-549-XZ,Sans Plomb 95 E10,TOUS SUPER ET GPL,1.8,15.24,8.47,7.0,121.0,8.18,103.5,8.37
2025-11-04 15:18,64,MONTARDON,GX-565-XZ,Sans Plomb 95 E10,TOUS SUPER ET GPL,1.795,45.56,25.38,7.0,362.6,8.63,294.1,10.19
2025-11-14 17:54,64,MONTARDON,GX-565-XZ,Super 98 Sans PL,TOUS SUPER ET GPL,1.909,42.65,22.34,7.0,319.1,8.63,258.9,9.26
2025-11-19 15:59,64,BIZANOS,GX-565-XZ,Super 98 Sans PL,TOUS SUPER ET GPL,1.949,18.8,9.65,7.0,137.9,8.63,111.8,8.86
2025-11-26 15:51,64,MONTARDON,GX-565-XZ,Sans Plomb 95 E10,TOUS SUPER ET GPL,1.81,31.39,17.34,7.0,247.7,8.63,200.9,8.44
2025-11-04 11:59,64,ST JEAN DE LUZ,GX-588-XZ,Sans Plomb 95 E10,TOUS SUPER ET GPL,1.795,49.45,27.55,7.0,393.6,7.39,372.8,8.01
2025-11-14 13:45,64,BIDART,GX-588-XZ,Sans Plomb 95 E10,TOUS SUPER ET GPL,1.8,37.7,20.94,7.0,299.1,7.39,283.4,8.72
2025-11-24 16:25,64,ST JEAN DE LUZ,GX-588-XZ,Sans Plomb 95 E10,TOUS SUPER ET GPL,1.82,47.0,25.82,7.0,368.9,7.39,349.4,7.22
2025-11-12 13:58,64,ORTHEZ,GX-836-RM,Super 98 Sans PL,TOUS SUPER ET GPL,1.909,43.42,22.74,7.0,324.9,8.65,262.9,8.63
2025-11-26 13:06,64,PAU,GX-836-RM,Super 98 Sans PL,TOUS SUPER ET GPL,1.919,54.04,28.16,7.0,402.3,8.65,325.5,9.38
2025-11-03 16:26,64,JURANCON,GX-848-RM,Sans Plomb 95 E10,TOUS SUPER ET GPL,1.795,43.01,23.96,7.0,342.3,7.71,310.8,9.23
2025-11-05 19:37,64,PAU,GX-848-RM,Super 98 Sans PL,TOUS SUPER ET GPL,1.904,32.11,16.86,7.0,240.9,7.71,218.7,9.12
2025-11-06 20:01,64,PAU,GX-848-RM,Super 98 Sans PL,TOUS SUPER ET GPL,1.904,51.49,27.04,7.0,386.3,7.71,350.7,9.03
2025-11-07 17:30,64,PAU,GX-848-RM,Super 98 Sans PL,TOUS SUPER ET GPL,1.909,27.01,14.15,7.0,202.1,7.71,183.5,7.61
2025-11-14 20:28,64,BIZANOS,GX-848-RM,Sans Plomb 95 E10,TOUS SUPER ET GPL,1.8,59.99,33.33,7.0,476.1,7.71,432.3,8.76
2025-11-18 18:20,64,BILLERE,GX-848-RM,Super 98 Sans PL,TOUS SUPER ET GPL,1.939,39.37,20.3,7.0,290.0,7.71,263.3,8.58
2025-11-24 16:23,64,LARRESSORE,GX-848-RM,Super 98 Sans PL,TOUS SUPER ET GPL,1.929,52.43,27.18,7.0,388.3,7.71,352.5,7.60
2025-11-27 08:46,64,PAU,GX-848-RM,Super 98 Sans PL,TOUS SUPER ET GPL,1.909,52.68,27.6,7.0,394.3,7.71,358.0,9.14
2025-11-27 16:00,64,PAU,GX-848-RM,Super 98 Sans PL,TOUS SUPER ET GPL,1.909,39.7,20.8,7.0,297.1,7.71,269.8,9.00
2025-11-28 11:11,64,PAU,GX-848-RM,Sans Plomb 95 E10,TOUS SUPER ET GPL,1.8,29.78,16.54,7.0,236.3,7.71,214.5,9.20
2025-11-05 11:54,64,BAYONNE,GX-856-RM,Sans Plomb 95 E10,TOUS SUPER ET GPL,1.795,41.74,23.25,7.0,332.1,8.15,285.3,9.12
2025-11-14 11:07,64,ANGLET,GX-856-RM,Sans Plomb 95 E10,TOUS SUPER ET GPL,1.8,34.54,19.19,7.0,274.1,8.15,235.5,8.62
2025-11-21 07:50,64,USTARITZ,GX-856-RM,Super 95 Sans PL,TOUS SUPER ET GPL,1.899,33.2,17.48,7.0,249.7,8.15,214.5,8.57
2025-11-21 16:38,47,BOURRAN,GX-856-RM,Sans Plomb 95 E10,TOUS SUPER ET GPL,1.84,25.39,13.8,7.0,197.1,8.15,169.3,9.30
2025-11-28 13:34,64,ANGLET,GX-856-RM,Sans Plomb 95 E10,TOUS SUPER ET GPL,1.8,31.78,17.66,7.0,252.3,8.15,216.7,8.93
2025-11-06 10:07,64,MAZEROLLES,GX-858-RM,Super 98 Sans PL,TOUS SUPER ET GPL,1.904,55.19,28.99,7.0,414.1,7.08,409.5,7.03
2025-11-18 10:37,64,ORTHEZ,GX-858-RM,Super 98 Sans PL,TOUS SUPER ET GPL,1.939,72.34,37.31,7.0,533.0,7.08,527.0,7.82
2025-11-05 08:06,64,BIZANOS,GX-864-RM,Super 98 Sans PL,TOUS SUPER ET GPL,1.904,52.15,27.39,7.0,391.3,8.18,334.8,8.96
2025-11-12 19:05,64,JURANCON,GX-864-RM,Sans Plomb 95 E10,TOUS SUPER ET GPL,1.8,31.85,17.69,7.0,252.7,8.18,216.3,9.34
2025-11-14 16:05,64,BILLERE,GX-864-RM,Super 98 Sans PL,TOUS SUPER ET GPL,1.909,48.64,25.48,7.0,364.0,8.18,311.5,8.80
2025-11-19 17:59,64,PAU,GX-864-RM,Sans Plomb 95 E10,TOUS SUPER ET GPL,1.84,48.13,26.16,7.0,373.7,8.18,319.8,8.00
2025-11-24 13:42,64,URRUGNE,GX-864-RM,Sans Plomb 95 E10,TOUS SUPER ET GPL,1.82,49.74,27.33,7.0,390.4,8.18,334.1,9.00
2025-11-26 16:21,64,PARDIES,GX-864-RM,Super 98 Sans PL,TOUS SUPER ET GPL,1.919,49.21,25.64,7.0,366.3,8.18,313.4,8.09
2025-11-28 07:50,64,BIZANOS,GX-864-RM,Super 98 Sans PL,TOUS SUPER ET GPL,1.909,51.58,27.02,7.0,386.0,8.18,330.3,8.37
2025-11-28 17:57,64,PAU,GX-864-RM,Sans Plomb 95 E10,TOUS SUPER ET GPL,1.8,26.4,14.67,7.0,209.6,8.18,179.3,8.18
2025-11-07 16:08,64,ST JEAN LE VIEUX,GX-868-RM,Super 98 Sans PL,TOUS SUPER ET GPL,1.909,65.3,34.21,7.0,488.7,8.56,399.6,10.26
2025-11-21 20:09,64,ST JEAN LE VIEUX,GX-868-RM,Super 98 Sans PL,TOUS SUPER ET GPL,1.949,76.24,39.12,7.0,558.9,8.56,457.0,10.01
2025-11-03 12:50,64,BILLERE,GX-877-RM,Super 98 Sans PL,TOUS SUPER ET GPL,1.904,56.03,29.43,7.0,420.4,7.19,409.3,7.00
2025-11-13 08:52,64,BILLERE,GX-877-RM,Super 98 Sans PL,TOUS SUPER ET GPL,1.909,69.01,36.15,7.0,516.4,7.19,502.8,8.01
2025-11-25 09:39,64,BILLERE,GX-877-RM,Super 98 Sans PL,TOUS SUPER ET GPL,1.929,63.31,32.82,7.0,468.9,7.19,456.5,7.23
2025-11-28 08:36,64,GER,GX-877-RM,Super 98 Sans PL,TOUS SUPER ET GPL,1.909,46.93,24.58,7.0,351.1,7.19,341.9,8.31
2025-11-06 16:50,64,JURANCON,GX-878-VP,Super 98 Sans PL,TOUS SUPER ET GPL,1.904,34.97,18.37,7.0,262.4,8.67,211.9,10.36
2025-11-21 10:56,64,MONTARDON,GX-878-VP,Super 98 Sans PL,TOUS SUPER ET GPL,1.949,36.08,18.51,7.0,264.4,8.67,213.5,8.90
2025-11-27 10:10,64,OLORON STE MARIE,GX-878-VP,Sans Plomb 95 E10,TOUS SUPER ET GPL,1.8,13.98,7.77,7.0,111.0,8.67,89.6,8.89
2025-11-13 09:40,64,BAYONNE,GX-879-RM,Sans Plomb 95 E10,TOUS SUPER ET GPL,1.8,58.45,32.47,7.0,463.9,7.92,410.0,7.75
2025-11-26 08:59,64,BIZANOS,GX-879-VP,Super 98 Sans PL,TOUS SUPER ET GPL,1.919,49.86,25.98,7.0,371.1,7.10,365.9,7.61
2025-11-21 05:27,64,JURANCON,GX-885-VP,Super 98 Sans PL,TOUS SUPER ET GPL,1.949,65.5,33.61,7.0,480.1,7.05,476.7,7.08
2025-11-28 18:06,64,OLORON STE MARIE,GX-885-VP,Super 98 Sans PL,TOUS SUPER ET GPL,1.909,61.48,32.21,7.0,460.1,7.05,456.9,8.10
2025-11-14 13:17,64,ST PALAIS,GX-887-VP,Super 98 Sans PL,TOUS SUPER ET GPL,1.909,54.65,28.63,7.0,409.0,7.61,376.2,7.95
2025-11-21 07:40,64,TARDETS,GX-887-VP,Super 98 Sans PL,TOUS SUPER ET GPL,1.949,66.91,34.33,7.0,490.4,7.61,451.1,9.05
2025-11-27 08:38,64,ST PALAIS,GX-887-VP,Super 98 Sans PL,TOUS SUPER ET GPL,1.909,67.25,35.23,7.0,503.3,7.61,462.9,7.63
2025-11-06 16:17,64,MONTARDON,GX-891-VP,Super 98 Sans PL,TOUS SUPER ET GPL,1.904,51.43,27.01,7.0,385.9,7.98,338.5,9.07
2025-11-24 10:40,64,IGON,GX-891-VP,Super 95 Sans PL,TOUS SUPER ET GPL,1.879,71.75,38.19,7.0,545.6,7.98,478.6,8.53
2025-11-04 11:58,64,BAYONNE,GX-898-RM,Sans Plomb 95 E10,TOUS SUPER ET GPL,1.795,42.73,23.8,7.0,340.0,7.18,331.5,8.25
2025-11-06 12:56,64,BAYONNE,GX-898-RM,Sans Plomb 95 E10,TOUS SUPER ET GPL,1.795,32.41,18.06,7.0,258.0,7.18,251.5,8.13
2025-11-17 08:18,64,BAYONNE,GX-898-RM,Sans Plomb 95 E10,TOUS SUPER ET GPL,1.83,23.4,12.79,7.0,182.7,7.18,178.1,7.38
2025-11-18 17:04,64,BAYONNE,GX-898-RM,Super 98 Sans PL,TOUS SUPER ET GPL,1.939,35.65,18.39,7.0,262.7,7.18,256.1,8.37
2025-11-04 13:03,64,BIZANOS,GX-904-VP,Super 98 Sans PL,TOUS SUPER ET GPL,1.904,52.76,27.71,7.0,395.9,8.35,331.9,9.02
2025-11-19 16:28,64,PAU,GX-904-VP,Super 98 Sans PL,TOUS SUPER ET GPL,1.949,56.71,29.1,7.0,415.7,8.35,348.5,8.57
2025-11-21 12:54,64,BIZANOS,GX-904-VP,Super 98 Sans PL,TOUS SUPER ET GPL,1.949,38.15,19.57,7.0,279.6,8.35,234.4,8.73
2025-11-03 18:24,64,PAU,GX-912-RM,Sans Plomb 95 E10,TOUS SUPER ET GPL,1.795,62.63,34.89,7.0,498.4,7.93,440.0,9.30
2025-11-13 12:08,64,PAU,GX-912-RM,Sans Plomb 95 E10,TOUS SUPER ET GPL,1.8,44.57,24.76,7.0,353.7,7.93,312.2,7.72
2025-11-19 18:16,64,BILLERE,GX-912-RM,Sans Plomb 95 E10,TOUS SUPER ET GPL,1.84,51.46,27.97,7.0,399.6,7.93,352.7,8.94
2025-11-27 11:47,64,PAU,GX-912-RM,Sans Plomb 95 E10,TOUS SUPER ET GPL,1.8,52.33,29.07,7.0,415.3,7.93,366.6,8.98
2025-11-12 15:23,64,BIZANOS,GX-918-RM,Super 98 Sans PL,TOUS SUPER ET GPL,1.909,46.39,24.3,7.0,347.1,8.54,284.5,9.51
2025-11-21 12:44,64,OLORON STE MARIE,GX-918-RM,Sans Plomb 95 E10,TOUS SUPER ET GPL,1.84,44.95,24.43,7.0,349.0,8.54,286.1,9.65
2025-11-26 08:38,64,MONTARDON,GX-918-RM,Super 98 Sans PL,TOUS SUPER ET GPL,1.919,45.71,23.82,7.0,340.3,8.54,278.9,8.80
2025-11-06 13:46,64,PARDIES,GX-923-WP,Sans Plomb 95 E10,TOUS SUPER ET GPL,1.795,30.76,17.14,7.0,244.9,8.13,210.8,8.29
2025-11-24 14:11,64,PARDIES,GX-923-WP,Super 98 Sans PL,TOUS SUPER ET GPL,1.929,67.69,35.09,7.0,501.3,8.13,431.6,9.59
2025-11-05 09:10,64,IRUBE,GX-939-WP,Super 98 Sans PL,TOUS SUPER ET GPL,1.904,74.59,39.18,7.0,559.7,7.49,523.1,8.05
2025-11-12 18:13,64,IRUBE,GX-939-WP,Super 98 Sans PL,TOUS SUPER ET GPL,1.909,74.47,39.01,7.0,557.3,7.49,520.8,8.59
2025-11-17 19:43,64,BILLERE,GX-939-WP,Super 98 Sans PL,TOUS SUPER ET GPL,1.939,65.96,34.02,7.0,486.0,7.49,454.2,7.23
2025-11-05 19:31,64,BILLERE,GX-954-WP,Super 98 Sans PL,TOUS SUPER ET GPL,1.904,53.2,27.94,7.0,399.1,7.99,349.7,7.70
2025-11-20 16:37,64,JURANCON,GX-954-WP,Super 98 Sans PL,TOUS SUPER ET GPL,1.949,53.38,27.39,7.0,391.3,7.99,342.8,8.65
2025-11-20 15:37,64,BIZANOS,GX-972-WP,Super 98 Sans PL,TOUS SUPER ET GPL,1.949,36.58,18.77,7.0,268.1,8.10,231.7,7.84
2025-11-28 08:51,64,JURANCON,GX-972-WP,Super 98 Sans PL,TOUS SUPER ET GPL,1.909,63.61,33.32,7.0,476.0,8.10,411.4,9.05
2025-11-05 20:35,64,PAU,HA-706-HP,Super 98 Sans PL,TOUS SUPER ET GPL,1.904,92.74,48.71,7.0,695.9,8.95,544.2,9.88
2025-11-20 13:42,64,PAU,HA-706-HP,Super 98 Sans PL,TOUS SUPER ET GPL,1.949,93.07,47.75,7.0,682.1,8.95,533.5,9.56
2025-11-28 09:09,64,JURANCON,HA-706-HP,Super 98 Sans PL,TOUS SUPER ET GPL,1.909,74.38,38.96,7.0,556.6,8.95,435.3,9.04
2025-11-03 16:26,40,,,Super 95 Sans PL,TOUS SUPER ET GPL,1.854,51.6,27.83,7.0,397.6,8.25,337.3,
2025-11-04 13:58,64,,,Diesel B10,CABINET,1.769,66.95,37.85,6.0,630.8,7.25,522.1,
2025-11-05 13:38,64,,,Gazole Excellium,GAZOLE,1.829,48.85,26.71,6.0,445.2,7.25,368.4,
2025-11-05 14:22,64,,,Super 98 Sans PL,CD3,1.904,92.57,48.62,7.0,694.6,8.25,589.3,
2025-11-06 14:11,64,,,Gazole Premier,GAZOLE,1.784,84.12,47.15,6.0,785.8,7.25,650.3,
2025-11-06 14:16,64,,,Super 95 Sans PL,TOUS SUPER ET GPL,1.854,63.96,34.5,7.0,492.9,8.25,418.2,
2025-11-06 15:32,64,,,Gazole Premier,GAZOLE,1.784,39.23,21.99,6.0,366.5,7.25,303.3,
2025-11-12 08:43,64,,,Gazole Premier,GAZOLE,1.794,53.08,29.59,6.0,493.2,7.25,408.1,
2025-11-12 09:10,64,,,Diesel B10,GAZOLE,1.794,47.42,26.43,6.0,440.5,7.25,364.6,
2025-11-12 13:36,64,,,Diesel B10,GAZOLE,1.794,55.36,30.86,6.0,514.3,7.25,425.7,
2025-11-12 19:01,40,,,Super 95 Sans PL,TOUS SUPER ET GPL,1.859,55.72,29.97,7.0,428.1,8.25,363.3,
2025-11-14 16:26,64,,,Gazole Premier,GAZOLE,1.794,69.8,38.91,6.0,648.5,7.25,536.7,
2025-11-17 18:20,64,,,Gazole Excellium,GAZOLE,1.854,76.55,41.29,6.0,688.2,7.25,569.5,
2025-11-17 18:33,64,,,Diesel B10,GAZOLE,1.804,86.28,47.83,6.0,797.2,7.25,659.7,
2025-11-19 08:51,64,,,Gazole Premier,GAZOLE,1.829,71.03,38.84,6.0,647.3,7.25,535.7,
2025-11-20 09:12,64,,,Super 98 Sans PL,CD3,1.949,113.8,58.39,7.0,834.1,8.25,707.8,
2025-11-21 13:29,33,,,Gazole Premier,GAZOLE,1.829,58.63,32.06,6.0,534.3,7.25,442.2,
2025-11-27 14:12,64,,,Gazole Excellium,GAZOLE,1.829,77.46,42.35,6.0,705.8,7.25,584.1,
2025-11-27 16:33,64,,,Gazole Excellium,GAZOLE,1.829,43.54,23.81,6.0,396.8,7.25,328.4,
2025-11-27 16:59,64,,,Super 95 Sans PL,TOUS SUPER ET GPL,1.859,67.98,36.57,7.0,522.4,8.25,443.3,
2025-11-28 18:33,40,,,Super 95 Sans PL,TOUS SUPER ET GPL,1.859,62.17,33.44,7.0,477.7,8.25,405.3,
